act,scene,anchor_a,anchor_b,gap,boundaries_between,excess,closes,interval_flagged,boundary_position,boundary_n,leads_into,boundary_flagged
1,1,11,31,20,22,2,no,no,1,,,no
1,1,11,31,20,22,2,no,no,2,,,no
1,1,11,31,20,22,2,no,no,3,,could: whereupon,no
1,1,11,31,20,22,2,no,no,4,,"and had, indeed, sir, a",no
1,1,11,31,20,22,2,no,no,5,,she had a husband for her bed.,no
1,1,11,31,20,22,2,no,no,6,,a fault?,no
1,1,11,31,20,22,2,no,no,7,,,no
1,1,11,31,20,22,2,no,no,8,,issue of it,no
1,1,11,31,20,22,2,no,no,9,,,no
1,1,11,31,20,22,2,no,no,10,,"law, some",no
1,1,11,31,20,22,2,no,no,11,,dearer in my account:,no
1,1,11,31,20,22,2,no,no,12,,something saucily into the,no
1,1,11,31,20,22,2,no,no,13,,"sent for, yet was his mother fair;",no
1,1,11,31,20,22,2,no,no,14,,"good sport at his making, and the whoreson",no
1,1,11,31,20,22,2,no,no,15,,must,no
1,1,11,31,20,22,2,no,no,16,,"noble gentleman,",no
1,1,11,31,20,22,2,no,no,17,,,no
1,1,11,31,20,22,2,no,no,18,,,no
1,1,11,31,20,22,2,no,no,19,,hereafter as my honourable friend.,no
1,1,11,31,20,22,2,no,no,20,,,no
1,1,11,31,20,22,2,no,no,21,,,no
1,1,11,31,20,22,2,no,no,22,31,you better.,no
1,1,31,41,10,10,0,yes,no,,,,
1,1,41,50,9,9,0,yes,no,,,,
1,1,50,70,20,20,0,yes,no,,,,
1,1,70,80,10,10,0,yes,no,,,,
1,1,80,90,10,10,0,yes,no,,,,
1,1,90,100,10,10,0,yes,no,,,,
1,1,100,110,10,10,0,yes,no,,,,
1,1,110,120,10,10,0,yes,no,,,,
1,1,120,130,10,10,0,yes,no,,,,
1,1,130,140,10,10,0,yes,no,,,,
1,1,140,150,10,10,0,yes,no,,,,
1,1,150,160,10,10,0,yes,no,,,,
1,1,160,170,10,11,1,no,no,1,,"See better, Lear; and let me still remain",no
1,1,160,170,10,11,1,no,no,2,,The true blank of thine eye.,no
1,1,160,170,10,11,1,no,no,3,,"Now, by Apollo,--",no
1,1,160,170,10,11,1,no,no,4,,Thou swear'st thy gods in vain.,no
1,1,160,170,10,11,1,no,no,5,,"Dear sir, forbear.",no
1,1,160,170,10,11,1,no,no,6,,"Dear sir, forbear.",no
1,1,160,170,10,11,1,no,no,7,,Do;,no
1,1,160,170,10,11,1,no,no,8,,"Kill thy physician, and the fee bestow",no
1,1,160,170,10,11,1,no,no,9,,Upon thy foul disease. Revoke thy doom;,no
1,1,160,170,10,11,1,no,no,10,,"Or, whilst I can vent clamour from my throat,",no
1,1,160,170,10,11,1,no,no,11,170,I'll tell thee thou dost evil.,no
1,1,170,179,9,9,0,yes,no,,,,
1,1,179,191,12,12,0,yes,no,,,,
1,1,191,200,9,9,0,yes,no,,,,
1,1,200,210,10,10,0,yes,no,,,,
1,1,210,219,9,9,0,yes,no,,,,
1,1,219,230,11,11,0,yes,no,,,,
1,1,230,239,9,9,0,yes,no,,,,
1,1,239,251,12,12,0,yes,no,,,,
1,1,251,261,10,10,0,yes,no,,,,
1,1,261,270,9,9,0,yes,no,,,,
1,1,270,279,9,10,1,no,no,1,,Bid farewell to your sisters.,no
1,1,270,279,9,10,1,no,no,2,,"The jewels of our father, with wash'd eyes",no
1,1,270,279,9,10,1,no,no,3,,Cordelia leaves you: I know you what you are;,no
1,1,270,279,9,10,1,no,no,4,,And like a sister am most loath to call,no
1,1,270,279,9,10,1,no,no,5,,Your faults as they are named. Use well our father:,no
1,1,270,279,9,10,1,no,no,6,,To your professed bosoms I commit him:,no
1,1,270,279,9,10,1,no,no,7,,"But yet, alas, stood I within his grace,",no
1,1,270,279,9,10,1,no,no,8,,I would prefer him to a better place.,no
1,1,270,279,9,10,1,no,no,9,,"So, farewell to you both.",no
1,1,270,279,9,10,1,no,no,10,279,Prescribe not us our duties.,no
1,1,279,290,11,10,-1,no,no,1,,"Be to content your lord, who hath received you",no
1,1,279,290,11,10,-1,no,no,2,,"At fortune's alms. You have obedience scanted,",no
1,1,279,290,11,10,-1,no,no,3,,And well are worth the want that you have wanted.,no
1,1,279,290,11,10,-1,no,no,4,,Time shall unfold what plaited cunning hides:,no
1,1,279,290,11,10,-1,no,no,5,,"Who cover faults, at last shame them derides.",no
1,1,279,290,11,10,-1,no,no,6,,Well may you prosper!,no
1,1,279,290,11,10,-1,no,no,7,,of what most nearly appertains to us both.,no
1,1,279,290,11,10,-1,no,no,8,,I think our father will hence to-night.,no
1,1,279,290,11,10,-1,no,no,9,,,no
1,1,279,290,11,10,-1,no,no,10,290,next month with us.,no
1,1,290,310,20,20,0,yes,no,,,,
1,2,10,20,10,10,0,yes,no,,,,
1,2,20,30,10,10,0,yes,no,,,,
1,2,30,40,10,10,0,yes,no,,,,
1,2,40,70,30,32,2,no,no,1,,,no
1,2,40,70,30,32,2,no,no,2,,,no
1,2,40,70,30,32,2,no,no,3,,give it.,no
1,2,40,70,30,32,2,no,no,4,,"them,",no
1,2,40,70,30,32,2,no,no,5,,,no
1,2,40,70,30,32,2,no,no,6,,,no
1,2,40,70,30,32,2,no,no,7,,he wrote,no
1,2,40,70,30,32,2,no,no,8,,virtue.,no
1,2,40,70,30,32,2,no,no,9,,,no
1,2,40,70,30,32,2,no,no,10,,age makes the,no
1,2,40,70,30,32,2,no,no,11,,our times; keeps our fortunes from,no
1,2,40,70,30,32,2,no,no,12,,oldness cannot relish them. I begin to find an,no
1,2,40,70,30,32,2,no,no,13,,idle,no
1,2,40,70,30,32,2,no,no,14,,"aged tyranny; who sways,",no
1,2,40,70,30,32,2,no,no,15,,"power, but as it is suffered. Come to me, that",no
1,2,40,70,30,32,2,no,no,16,,of,no
1,2,40,70,30,32,2,no,no,17,,sleep till I waked,no
1,2,40,70,30,32,2,no,no,18,,"his revenue for ever, and live the",no
1,2,40,70,30,32,2,no,no,19,,"of your brother, EDGAR.'",no
1,2,40,70,30,32,2,no,no,20,,"Hum--conspiracy!--'Sleep till I waked him,",no
1,2,40,70,30,32,2,no,no,21,,--you should,no
1,2,40,70,30,32,2,no,no,22,,Edgar! Had he a,no
1,2,40,70,30,32,2,no,no,23,,and brain to breed it in?--,no
1,2,40,70,30,32,2,no,no,24,,you? who brought it?,no
1,2,40,70,30,32,2,no,no,25,,,no
1,2,40,70,30,32,2,no,no,26,,there's the,no
1,2,40,70,30,32,2,no,no,27,,at the casement of,no
1,2,40,70,30,32,2,no,no,28,,,no
1,2,40,70,30,32,2,no,no,29,,brother's?,no
1,2,40,70,30,32,2,no,no,30,,,no
1,2,40,70,30,32,2,no,no,31,,durst swear,no
1,2,40,70,30,32,2,no,no,32,70,I would fain think it,no
1,2,70,101,31,32,1,no,no,1,,,no
1,2,70,101,31,32,1,no,no,2,,,no
1,2,70,101,31,32,1,no,no,3,,his heart is,no
1,2,70,101,31,32,1,no,no,4,,,no
1,2,70,101,31,32,1,no,no,5,,you in this business?,no
1,2,70,101,31,32,1,no,no,6,,,no
1,2,70,101,31,32,1,no,no,7,,him oft maintain,no
1,2,70,101,31,32,1,no,no,8,,"perfect age, and fathers",no
1,2,70,101,31,32,1,no,no,9,,"should be as ward to the son, and",no
1,2,70,101,31,32,1,no,no,10,,manage his revenue.,no
1,2,70,101,31,32,1,no,no,11,,,no
1,2,70,101,31,32,1,no,no,12,,in the letter!,no
1,2,70,101,31,32,1,no,no,13,,brutish,no
1,2,70,101,31,32,1,no,no,14,,"Go, sirrah, seek him; I'll",no
1,2,70,101,31,32,1,no,no,15,,abominable villain! Where is he?,no
1,2,70,101,31,32,1,no,no,16,,,no
1,2,70,101,31,32,1,no,no,17,,shall please you to,no
1,2,70,101,31,32,1,no,no,18,,against my brother till you can,no
1,2,70,101,31,32,1,no,no,19,,"him better testimony of his intent, you shall",no
1,2,70,101,31,32,1,no,no,20,,"run a certain course; where, if you violently",no
1,2,70,101,31,32,1,no,no,21,,proceed against,no
1,2,70,101,31,32,1,no,no,22,,would make a great,no
1,2,70,101,31,32,1,no,no,23,,and shake in pieces the heart of,no
1,2,70,101,31,32,1,no,no,24,,"I dare pawn down my life for him, that",no
1,2,70,101,31,32,1,no,no,25,,hath wrote this to feel my affection to your,no
1,2,70,101,31,32,1,no,no,26,,"honor, and",no
1,2,70,101,31,32,1,no,no,27,,,no
1,2,70,101,31,32,1,no,no,28,,,no
1,2,70,101,31,32,1,no,no,29,,place you,no
1,2,70,101,31,32,1,no,no,30,,"this, and by an auricular",no
1,2,70,101,31,32,1,no,no,31,,satisfaction; and that without,no
1,2,70,101,31,32,1,no,no,32,101,than this very evening.,no
1,2,101,111,10,11,1,no,no,1,,,no
1,2,101,111,10,11,1,no,no,2,,,no
1,2,101,111,10,11,1,no,no,3,,,no
1,2,101,111,10,11,1,no,no,4,,"entirely loves him. Heaven and earth! Edmund,",no
1,2,101,111,10,11,1,no,no,5,,seek,no
1,2,101,111,10,11,1,no,no,6,,you: frame the business,no
1,2,101,111,10,11,1,no,no,7,,"I would unstate myself,",no
1,2,101,111,10,11,1,no,no,8,,resolution.,no
1,2,101,111,10,11,1,no,no,9,,,no
1,2,101,111,10,11,1,no,no,10,,the business,no
1,2,101,111,10,11,1,no,no,11,111,acquaint you withal.,no
1,2,111,151,40,44,4,no,no,1,,,no
1,2,111,151,40,44,4,no,no,2,,moon portend,no
1,2,111,151,40,44,4,no,no,3,,of nature can,no
1,2,111,151,40,44,4,no,no,4,,yet nature finds itself scourged,no
1,2,111,151,40,44,4,no,no,5,,"effects: love cools, friendship falls off,",no
1,2,111,151,40,44,4,no,no,6,,"divide: in cities, mutinies; in countries,",no
1,2,111,151,40,44,4,no,no,7,,discord;,no
1,2,111,151,40,44,4,no,no,8,,cracked 'twixt,no
1,2,111,151,40,44,4,no,no,9,,mine comes under the,no
1,2,111,151,40,44,4,no,no,10,,against father: the king falls from,no
1,2,111,151,40,44,4,no,no,11,,there's father against child. We have,no
1,2,111,151,40,44,4,no,no,12,,"seen the best of our time: machinations, hollownwss,",no
1,2,111,151,40,44,4,no,no,13,,"treachery, and all ruinous disorders,",no
1,2,111,151,40,44,4,no,no,14,,follow us disquietly,no
1,2,111,151,40,44,4,no,no,15,,"this villain, Edmund; it shall lose",no
1,2,111,151,40,44,4,no,no,16,,do it carefully. And the noble and true-hearted,no
1,2,111,151,40,44,4,no,no,17,,"Kent banished! his offence, honesty!",no
1,2,111,151,40,44,4,no,no,18,,'Tis strange.,no
1,2,111,151,40,44,4,no,no,19,,,no
1,2,111,151,40,44,4,no,no,20,,"world, that,",no
1,2,111,151,40,44,4,no,no,21,,often the surfeit of our own,no
1,2,111,151,40,44,4,no,no,22,,"make guilty of our disasters the sun, the",no
1,2,111,151,40,44,4,no,no,23,,and the stars: as if we were villains by necessity;,no
1,2,111,151,40,44,4,no,no,24,,"fools by heavenly compulsion; knaves,",no
1,2,111,151,40,44,4,no,no,25,,"thieves, and",no
1,2,111,151,40,44,4,no,no,26,,"drunkards, liars,",no
1,2,111,151,40,44,4,no,no,27,,enforced obedience of planetary,no
1,2,111,151,40,44,4,no,no,28,,"and all that we are evil in, by a divine thrusting",no
1,2,111,151,40,44,4,no,no,29,,on: an admirable evasion of whoremaster,no
1,2,111,151,40,44,4,no,no,30,,"man,",no
1,2,111,151,40,44,4,no,no,31,,charge of a star!,no
1,2,111,151,40,44,4,no,no,32,,my mother under the dragon's,no
1,2,111,151,40,44,4,no,no,33,,nativity was under Ursa major: so,no
1,2,111,151,40,44,4,no,no,34,,"I am rough and lecherous. Tut, I should",no
1,2,111,151,40,44,4,no,no,35,,"have been that I am, had the maidenliest star",no
1,2,111,151,40,44,4,no,no,36,,in the firmament,no
1,2,111,151,40,44,4,no,no,37,,Edgar--,no
1,2,111,151,40,44,4,no,no,38,,and,no
1,2,111,151,40,44,4,no,no,39,,old comedy:,no
1,2,111,151,40,44,4,no,no,40,,with a sigh like Tom,no
1,2,111,151,40,44,4,no,no,41,,eclipses do portend these divisions!,no
1,2,111,151,40,44,4,no,no,42,,mi.,no
1,2,111,151,40,44,4,no,no,43,,,no
1,2,111,151,40,44,4,no,no,44,151,contemplation,no
1,2,151,170,19,18,-1,no,no,1,,,no
1,2,151,170,19,18,-1,no,no,2,,I read this,no
1,2,151,170,19,18,-1,no,no,3,,these eclipses.,no
1,2,151,170,19,18,-1,no,no,4,,,no
1,2,151,170,19,18,-1,no,no,5,,,no
1,2,151,170,19,18,-1,no,no,6,,of succeed,no
1,2,151,170,19,18,-1,no,no,7,,"the child and the parent; death, dearth,",no
1,2,151,170,19,18,-1,no,no,8,,dissolutions of ancient amities; divisions in,no
1,2,151,170,19,18,-1,no,no,9,,"state, menaces and maledictions against king",no
1,2,151,170,19,18,-1,no,no,10,,"and nobles; needless diffidences, banishment",no
1,2,151,170,19,18,-1,no,no,11,,"of friends, dissipation of cohorts, nuptial",no
1,2,151,170,19,18,-1,no,no,12,,"breaches, and I know not what.",no
1,2,151,170,19,18,-1,no,no,13,,,no
1,2,151,170,19,18,-1,no,no,14,,,no
1,2,151,170,19,18,-1,no,no,15,,last?,no
1,2,151,170,19,18,-1,no,no,16,,,no
1,2,151,170,19,18,-1,no,no,17,,,no
1,2,151,170,19,18,-1,no,no,18,170,,no
1,2,170,179,9,10,1,no,no,1,,,no
1,2,170,179,9,10,1,no,no,2,,you no displeasure,no
1,2,170,179,9,10,1,no,no,3,,countenance?,no
1,2,170,179,9,10,1,no,no,4,,,no
1,2,170,179,9,10,1,no,no,5,,,no
1,2,170,179,9,10,1,no,no,6,,have offended,no
1,2,170,179,9,10,1,no,no,7,,his presence till,no
1,2,170,179,9,10,1,no,no,8,,qualified the heat of his displeasure;,no
1,2,170,179,9,10,1,no,no,9,,"this instant so rageth in him, that with the mischief",no
1,2,170,179,9,10,1,no,no,10,179,of your person it would scarcely allay.,no
1,2,179,199,20,21,1,no,no,1,,,no
1,2,179,199,20,21,1,no,no,2,,,no
1,2,179,199,20,21,1,no,no,3,,continent,no
1,2,179,199,20,21,1,no,no,4,,"goes slower; and, as",no
1,2,179,199,20,21,1,no,no,5,,"my lodging, from whence I will fitly",no
1,2,179,199,20,21,1,no,no,6,,"to hear my lord speak: pray ye, go;",no
1,2,179,199,20,21,1,no,no,7,,"my key: if you do stir abroad, go armed.",no
1,2,179,199,20,21,1,no,no,8,,,no
1,2,179,199,20,21,1,no,no,9,,,no
1,2,179,199,20,21,1,no,no,10,,armed: I am no honest,no
1,2,179,199,20,21,1,no,no,11,,good meaning towards you: I have told,no
1,2,179,199,20,21,1,no,no,12,,"what I have seen and heard; but faintly, nothing",no
1,2,179,199,20,21,1,no,no,13,,like the image and horror of it: pray you,no
1,2,179,199,20,21,1,no,no,14,,away.,no
1,2,179,199,20,21,1,no,no,15,,,no
1,2,179,199,20,21,1,no,no,16,,,no
1,2,179,199,20,21,1,no,no,17,,I do serve you in this business.,no
1,2,179,199,20,21,1,no,no,18,,"A credulous father! and a brother noble,",no
1,2,179,199,20,21,1,no,no,19,,"Whose nature is so far from doing harms,",no
1,2,179,199,20,21,1,no,no,20,,That he suspects none; on whose foolish honesty,no
1,2,179,199,20,21,1,no,no,21,199,My practices ride easy! I see the business.,no
1,3,9,20,11,11,0,yes,no,,,,
1,4,10,21,11,12,1,no,no,1,,,no
1,4,10,21,11,12,1,no,no,2,,,no
1,4,10,21,11,12,1,no,no,3,,wouldst thou,no
1,4,10,21,11,12,1,no,no,4,,,no
1,4,10,21,11,12,1,no,no,5,,seem; to serve,no
1,4,10,21,11,12,1,no,no,6,,trust; to love him that is,no
1,4,10,21,11,12,1,no,no,7,,"with him that is wise, and says little; to",no
1,4,10,21,11,12,1,no,no,8,,judgement; to fight when I cannot choose; and,no
1,4,10,21,11,12,1,no,no,9,,to,no
1,4,10,21,11,12,1,no,no,10,,,no
1,4,10,21,11,12,1,no,no,11,,,no
1,4,10,21,11,12,1,no,no,12,21,poor as,no
1,4,21,30,9,9,0,yes,no,,,,
1,4,30,31,1,1,0,yes,no,,,,
1,4,31,39,8,8,0,yes,no,,,,
1,4,39,60,21,21,0,yes,no,,,,
1,4,60,71,11,11,0,yes,no,,,,
1,4,71,80,9,9,0,yes,no,,,,
1,4,80,91,11,12,1,no,no,1,,,no
1,4,80,91,11,12,1,no,no,2,,"well. Go you,",no
1,4,80,91,11,12,1,no,no,3,,speak with her.,no
1,4,80,91,11,12,1,no,no,4,,call hither my fool.,no
1,4,80,91,11,12,1,no,no,5,,"O, you sir, you, come you hither,",no
1,4,80,91,11,12,1,no,no,6,,"I, sir?",no
1,4,80,91,11,12,1,no,no,7,,,no
1,4,80,91,11,12,1,no,no,8,,,no
1,4,80,91,11,12,1,no,no,9,,you whoreson,no
1,4,80,91,11,12,1,no,no,10,,cur!,no
1,4,80,91,11,12,1,no,no,11,,,no
1,4,80,91,11,12,1,no,no,12,91,your pardon.,no
1,4,91,119,28,28,0,yes,no,,,,
1,4,119,130,11,11,0,yes,no,,,,
1,4,130,140,10,10,0,yes,no,,,,
1,4,140,150,10,10,0,yes,no,,,,
1,4,150,160,10,10,0,yes,no,,,,
1,4,160,171,11,11,0,yes,no,,,,
1,4,171,180,9,10,1,no,no,1,,,no
1,4,171,180,9,10,1,no,no,2,,,no
1,4,171,180,9,10,1,no,no,3,,"middle, and",no
1,4,171,180,9,10,1,no,no,4,,of the egg. When,no
1,4,171,180,9,10,1,no,no,5,,"the middle, and gavest away",no
1,4,171,180,9,10,1,no,no,6,,borest thy ass on thy back o'er the,no
1,4,171,180,9,10,1,no,no,7,,"hadst little wit in thy bald crown, when thou",no
1,4,171,180,9,10,1,no,no,8,,gavest thy golden one away. If I speak like,no
1,4,171,180,9,10,1,no,no,9,,myself in,no
1,4,171,180,9,10,1,no,no,10,180,finds it so.,no
1,4,180,190,10,10,0,yes,no,,,,
1,4,190,209,19,20,1,no,no,1,,,no
1,4,190,209,19,20,1,no,no,2,,Then they,no
1,4,190,209,19,20,1,no,no,3,,"And I for sorrow sung,",no
1,4,190,209,19,20,1,no,no,4,,"That such a king should play bo-peep,",no
1,4,190,209,19,20,1,no,no,5,,And go the fools among.,no
1,4,190,209,19,20,1,no,no,6,,teach,no
1,4,190,209,19,20,1,no,no,7,,,no
1,4,190,209,19,20,1,no,no,8,,whipped.,no
1,4,190,209,19,20,1,no,no,9,,,no
1,4,190,209,19,20,1,no,no,10,,daughters are:,no
1,4,190,209,19,20,1,no,no,11,,"speaking true, thou'lt have me",no
1,4,190,209,19,20,1,no,no,12,,lying; and sometimes I am whipped for holding,no
1,4,190,209,19,20,1,no,no,13,,my peace. I had rather be any kind o',no
1,4,190,209,19,20,1,no,no,14,,thing than a fool:,no
1,4,190,209,19,20,1,no,no,15,,"thee, nuncle; thou hast pared thy",no
1,4,190,209,19,20,1,no,no,16,,"sides, and left nothing i' the middle: here",no
1,4,190,209,19,20,1,no,no,17,,comes one o' the parings.,no
1,4,190,209,19,20,1,no,no,18,,,no
1,4,190,209,19,20,1,no,no,19,,that frontlet,no
1,4,190,209,19,20,1,no,no,20,209,of late i' the frown.,no
1,4,209,220,11,10,-1,no,no,1,,,no
1,4,209,220,11,10,-1,no,no,2,,hadst no,no
1,4,209,220,11,10,-1,no,no,3,,thou art an O without,no
1,4,209,220,11,10,-1,no,no,4,,"than thou art now; I am a fool,",no
1,4,209,220,11,10,-1,no,no,5,,nothing.,no
1,4,209,220,11,10,-1,no,no,6,,hold my tongue; so,no
1,4,209,220,11,10,-1,no,no,7,,you say nothing.,no
1,4,209,220,11,10,-1,no,no,8,,"He that keeps nor crust nor crum,",no
1,4,209,220,11,10,-1,no,no,9,,"Weary of all, shall want some.",no
1,4,209,220,11,10,-1,no,no,10,220,,no
1,4,220,240,20,20,0,yes,no,,,,
1,4,240,250,10,10,0,yes,no,,,,
1,4,250,260,10,10,0,yes,no,,,,
1,4,260,270,10,10,0,yes,no,,,,
1,4,270,281,11,11,0,yes,no,,,,
1,4,281,290,9,9,0,yes,no,,,,
1,4,290,300,10,10,0,yes,no,,,,
1,4,300,310,10,10,0,yes,no,,,,
1,4,310,320,10,10,0,yes,no,,,,
1,4,320,329,9,10,1,no,no,1,,"That these hot tears, which break from me perforce,",no
1,4,320,329,9,10,1,no,no,2,,Should make thee worth them.,no
1,4,320,329,9,10,1,no,no,3,,The untented woundings of a father's curse,no
1,4,320,329,9,10,1,no,no,4,,"Pierce every sense about thee! Old fond eyes,",no
1,4,320,329,9,10,1,no,no,5,,"Beweep this cause again, I'll pluck ye out,",no
1,4,320,329,9,10,1,no,no,6,,"And cast you, with the waters that you lose,",no
1,4,320,329,9,10,1,no,no,7,,"To temper clay. Yea, is it come to this?",no
1,4,320,329,9,10,1,no,no,8,,Let it be so:,no
1,4,320,329,9,10,1,no,no,9,,"Who, I am sure, is kind and comfortable:",no
1,4,320,329,9,10,1,no,no,10,329,"When she shall hear this of thee, with her",no
1,4,329,331,2,2,0,yes,no,,,,
1,4,331,340,9,8,-1,no,no,1,,That I'll resume the shape which thou dost think,no
1,4,331,340,9,8,-1,no,no,2,,"I have cast off for ever: thou shalt, I warrant thee.",no
1,4,331,340,9,8,-1,no,no,3,,,no
1,4,331,340,9,8,-1,no,no,4,,"I cannot be so partial, Goneril.",no
1,4,331,340,9,8,-1,no,no,5,,"To the great love I bear you,--",no
1,4,331,340,9,8,-1,no,no,6,,"Pray you, content. What, Oswald, ho!",no
1,4,331,340,9,8,-1,no,no,7,,"You, sir, more knave than fool, after your master.",no
1,4,331,340,9,8,-1,no,no,8,340,take the fool with thee.,no
1,4,340,360,20,21,1,no,no,1,,"A fox, when one has caught her,",no
1,4,340,360,20,21,1,no,no,2,,"And such a daughter,",no
1,4,340,360,20,21,1,no,no,3,,"Should sure to the slaughter,",no
1,4,340,360,20,21,1,no,no,4,,If my cap would buy a halter:,no
1,4,340,360,20,21,1,no,no,5,,So the fool follows after.,no
1,4,340,360,20,21,1,no,no,6,,,no
1,4,340,360,20,21,1,no,no,7,,This man hath had good counsel:--,no
1,4,340,360,20,21,1,no,no,8,,'Tis politic and safe to let him keep,no
1,4,340,360,20,21,1,no,no,9,,"At point a hundred knights: yes, that, on every dream,",no
1,4,340,360,20,21,1,no,no,10,,"Each buzz, each fancy, each complaint, dislike,",no
1,4,340,360,20,21,1,no,no,11,,"He may enguard his dotage with their powers,",no
1,4,340,360,20,21,1,no,no,12,,"And hold our lives in mercy. Oswald, I say!",no
1,4,340,360,20,21,1,no,no,13,,"Well, you may fear too far.",no
1,4,340,360,20,21,1,no,no,14,,"Let me still take away the harms I fear,",no
1,4,340,360,20,21,1,no,no,15,,Not fear still to be taken: I know his heart.,no
1,4,340,360,20,21,1,no,no,16,,What he hath utter'd I have writ my sister:,no
1,4,340,360,20,21,1,no,no,17,,"If she sustain him and his hundred knights,",no
1,4,340,360,20,21,1,no,no,18,,"When I have show'd the unfitness,--",no
1,4,340,360,20,21,1,no,no,19,,"What, have you writ that letter to my sister?",no
1,4,340,360,20,21,1,no,no,20,,,no
1,4,340,360,20,21,1,no,no,21,360,"Take you some company, and away to horse:",no
1,4,360,370,10,10,0,yes,no,,,,
1,5,10,20,10,11,1,no,no,1,,,no
1,5,10,20,10,11,1,no,no,2,,shall ne'er go,no
1,5,10,20,10,11,1,no,no,3,,,no
1,5,10,20,10,11,1,no,no,4,,,no
1,5,10,20,10,11,1,no,no,5,,thee kindly;,no
1,5,10,20,10,11,1,no,no,6,,crab's like an,no
1,5,10,20,10,11,1,no,no,7,,tell.,no
1,5,10,20,10,11,1,no,no,8,,,no
1,5,10,20,10,11,1,no,no,9,,,no
1,5,10,20,10,11,1,no,no,10,,does to a,no
1,5,10,20,10,11,1,no,no,11,20,stands i' the middle,no
1,5,20,30,10,10,0,yes,no,,,,
1,5,30,40,10,10,0,yes,no,,,,
1,5,40,50,10,10,0,yes,no,,,,
2,1,10,20,10,9,-1,no,no,1,,,no
2,1,10,20,10,9,-1,no,no,2,,'twixt the Dukes of Cornwall and Albany?,no
2,1,10,20,10,9,-1,no,no,3,,,no
2,1,10,20,10,9,-1,no,no,4,,"well, sir.",no
2,1,10,20,10,9,-1,no,no,5,,,no
2,1,10,20,10,9,-1,no,no,6,,The duke be here to-night? The better! best!,no
2,1,10,20,10,9,-1,no,no,7,,This weaves itself perforce into my business.,no
2,1,10,20,10,9,-1,no,no,8,,My father hath set guard to take my brother;,no
2,1,10,20,10,9,-1,no,no,9,20,"And I have one thing, of a queasy question,",no
2,1,20,40,20,20,0,yes,no,,,,
2,1,40,51,11,11,0,yes,no,,,,
2,1,51,60,9,10,1,no,no,1,,Seeing how loathly opposite I stood,no
2,1,51,60,9,10,1,no,no,2,,"To his unnatural purpose, in fell motion,",no
2,1,51,60,9,10,1,no,no,3,,"With his prepared sword, he charges home",no
2,1,51,60,9,10,1,no,no,4,,"My unprovided body, lanced mine arm:",no
2,1,51,60,9,10,1,no,no,5,,"But when he saw my best alarum'd spirits,",no
2,1,51,60,9,10,1,no,no,6,,"Bold in the quarrel's right, roused to the en-",no
2,1,51,60,9,10,1,no,no,7,,"counter,",no
2,1,51,60,9,10,1,no,no,8,,"Or whether gasted by the noise I made,",no
2,1,51,60,9,10,1,no,no,9,,Full suddenly he fled.,no
2,1,51,60,9,10,1,no,no,10,60,Not in this land shall he remain uncaught;,no
2,1,60,71,11,11,0,yes,no,,,,
2,1,71,90,19,19,0,yes,no,,,,
2,1,90,100,10,10,0,yes,no,,,,
2,1,100,111,11,12,1,no,no,1,,"No marvel, then, though he were ill affected:",no
2,1,100,111,11,12,1,no,no,2,,"'Tis they have put him on the old man's death,",no
2,1,100,111,11,12,1,no,no,3,,To have the expense and waste of his revenues.,no
2,1,100,111,11,12,1,no,no,4,,I have this present evening from my sister,no
2,1,100,111,11,12,1,no,no,5,,"Been well inform'd of them; and with such cautions,",no
2,1,100,111,11,12,1,no,no,6,,"That if they come to sojourn at my house,",no
2,1,100,111,11,12,1,no,no,7,,"I'll not be there,",no
2,1,100,111,11,12,1,no,no,8,,"Edmund, I hear that you have shown your father",no
2,1,100,111,11,12,1,no,no,9,,A child-like office.,no
2,1,100,111,11,12,1,no,no,10,,He did bewray his practice; and received,no
2,1,100,111,11,12,1,no,no,11,,"This hurt you see, striving to apprehend him.",no
2,1,100,111,11,12,1,no,no,12,111,Is he pursued?,no
2,1,111,120,9,8,-1,no,no,1,,"If he be taken, he shall never more",no
2,1,111,120,9,8,-1,no,no,2,,"Be fear'd of doing harm: make your own purpose,",no
2,1,111,120,9,8,-1,no,no,3,,"How in my strength you please. For you, Edmund,",no
2,1,111,120,9,8,-1,no,no,4,,Whose virtue and obedience doth this instant,no
2,1,111,120,9,8,-1,no,no,5,,"So much commend itself, you shall be ours:",no
2,1,111,120,9,8,-1,no,no,6,,Natures of such deep trust we shall much need;,no
2,1,111,120,9,8,-1,no,no,7,,You we first seize on.,no
2,1,111,120,9,8,-1,no,no,8,120,"Truly, however else.",no
2,1,120,130,10,13,3,no,no,1,,"You know not why we came to visit you,--",no
2,1,120,130,10,13,3,no,no,2,,"Thus out of season, threading dark-",no
2,1,120,130,10,13,3,no,no,3,,eyed night:,no
2,1,120,130,10,13,3,no,no,4,,"Occasions, noble Gloucester, of some poise,",no
2,1,120,130,10,13,3,no,no,5,,Wherein we must have use of your advice:,no
2,1,120,130,10,13,3,no,no,6,,"Our father he hath writ, so hath our sister,",no
2,1,120,130,10,13,3,no,no,7,,"Of differences, which I least thought it fit",no
2,1,120,130,10,13,3,no,no,8,,To answer from our home; the several mes-,no
2,1,120,130,10,13,3,no,no,9,,sengers,no
2,1,120,130,10,13,3,no,no,10,,"From hence attend dispatch. Our good old friend,",no
2,1,120,130,10,13,3,no,no,11,,Lay comforts to your bosom; and bestow,no
2,1,120,130,10,13,3,no,no,12,,"Your needful counsel to our business,",no
2,1,120,130,10,13,3,no,no,13,130,Which craves the instant use.,no
2,2,10,29,19,19,0,yes,no,,,,
2,2,29,51,22,25,3,no,no,1,,,no
2,2,29,51,22,25,3,no,no,2,,to deny,no
2,2,29,51,22,25,3,no,no,3,,since I tripped up thy,no
2,2,29,51,22,25,3,no,no,4,,"the king? Draw, you rogue:",no
2,2,29,51,22,25,3,no,no,5,,"it be night, yet the moon shines; I'll make a",no
2,2,29,51,22,25,3,no,no,6,,"sop o' the moonshine of you: draw, you",no
2,2,29,51,22,25,3,no,no,7,,whoreson cullionly,no
2,2,29,51,22,25,3,no,no,8,,,no
2,2,29,51,22,25,3,no,no,9,,thee.,no
2,2,29,51,22,25,3,no,no,10,,,no
2,2,29,51,22,25,3,no,no,11,,letters against,no
2,2,29,51,22,25,3,no,no,12,,puppet's part against,no
2,2,29,51,22,25,3,no,no,13,,"draw, you rogue, or",no
2,2,29,51,22,25,3,no,no,14,,"your shanks: draw, you rascal; come",no
2,2,29,51,22,25,3,no,no,15,,ways.,no
2,2,29,51,22,25,3,no,no,16,,,no
2,2,29,51,22,25,3,no,no,17,,,no
2,2,29,51,22,25,3,no,no,18,,stand; you neat,no
2,2,29,51,22,25,3,no,no,19,,,no
2,2,29,51,22,25,3,no,no,20,,,no
2,2,29,51,22,25,3,no,no,21,,,no
2,2,29,51,22,25,3,no,no,22,,"please: come,",no
2,2,29,51,22,25,3,no,no,23,,master.,no
2,2,29,51,22,25,3,no,no,24,,,no
2,2,29,51,22,25,3,no,no,25,51,here?,no
2,2,51,60,9,8,-1,no,no,1,,,no
2,2,51,60,9,8,-1,no,no,2,,He dies that strikes,no
2,2,51,60,9,8,-1,no,no,3,,,no
2,2,51,60,9,8,-1,no,no,4,,,no
2,2,51,60,9,8,-1,no,no,5,,,no
2,2,51,60,9,8,-1,no,no,6,,,no
2,2,51,60,9,8,-1,no,no,7,,your valour.,no
2,2,51,60,9,8,-1,no,no,8,60,in thee: a tailor,no
2,2,60,80,20,19,-1,no,no,1,,,no
2,2,60,80,20,19,-1,no,no,2,,,no
2,2,60,80,20,19,-1,no,no,3,,painter could,no
2,2,60,80,20,19,-1,no,no,4,,though he had been but two,no
2,2,60,80,20,19,-1,no,no,5,,,no
2,2,60,80,20,19,-1,no,no,6,,,no
2,2,60,80,20,19,-1,no,no,7,,have spared,no
2,2,60,80,20,19,-1,no,no,8,,,no
2,2,60,80,20,19,-1,no,no,9,,letter!,no
2,2,60,80,20,19,-1,no,no,10,,"leave, I will tread this unbolted",no
2,2,60,80,20,19,-1,no,no,11,,"mortar, and daub the walls of a",no
2,2,60,80,20,19,-1,no,no,12,,"him. Spare my gray beard, you wagtail?",no
2,2,60,80,20,19,-1,no,no,13,,,no
2,2,60,80,20,19,-1,no,no,14,,"You beastly knave, know you no reverence?",no
2,2,60,80,20,19,-1,no,no,15,,,no
2,2,60,80,20,19,-1,no,no,16,,,no
2,2,60,80,20,19,-1,no,no,17,,,no
2,2,60,80,20,19,-1,no,no,18,,"That such a slave as this should wear a sword,",no
2,2,60,80,20,19,-1,no,no,19,80,"Who wears no honesty. Such smelling rogues as these,",no
2,2,80,90,10,10,0,yes,no,,,,
2,2,90,100,10,11,1,no,no,1,,I'ld drive ye cackling home to Camelot.,no
2,2,90,100,10,11,1,no,no,2,,,no
2,2,90,100,10,11,1,no,no,3,,How fell you out? say that.,no
2,2,90,100,10,11,1,no,no,4,,No contraries hold more antipathy,no
2,2,90,100,10,11,1,no,no,5,,Than I and such a knave.,no
2,2,90,100,10,11,1,no,no,6,,What's his offence?,no
2,2,90,100,10,11,1,no,no,7,,,no
2,2,90,100,10,11,1,no,no,8,,,no
2,2,90,100,10,11,1,no,no,9,,,no
2,2,90,100,10,11,1,no,no,10,,"Sir, 'tis my occupation to be plain:",no
2,2,90,100,10,11,1,no,no,11,100,I have seen better faces in my time,no
2,2,100,110,10,11,1,no,no,1,,Than stands on any shoulder that I see,no
2,2,100,110,10,11,1,no,no,2,,Before me at this instant.,no
2,2,100,110,10,11,1,no,no,3,,"Who, having been praised for bluntness, doth affect",no
2,2,100,110,10,11,1,no,no,4,,"A saucy roughness, and constrains the garb",no
2,2,100,110,10,11,1,no,no,5,,"Quite from his nature: he cannot flatter, he,",no
2,2,100,110,10,11,1,no,no,6,,"An honest mind and plain, he must speak",no
2,2,100,110,10,11,1,no,no,7,,truth!,no
2,2,100,110,10,11,1,no,no,8,,"An they will take it, so; if not, he's plain:",no
2,2,100,110,10,11,1,no,no,9,,"These kind of knaves I know, which in this plainness",no
2,2,100,110,10,11,1,no,no,10,,Harbour more craft and more corrupter ends,no
2,2,100,110,10,11,1,no,no,11,110,Than twenty silly ducking observants,no
2,2,110,130,20,21,1,no,no,1,,That stretch their duties nicely.,no
2,2,110,130,20,21,1,no,no,2,,"Sir, in good sooth, in sincere verity,",no
2,2,110,130,20,21,1,no,no,3,,"Under the allowance of your great aspect,",no
2,2,110,130,20,21,1,no,no,4,,"Whose influence, like the wreath of radiant fire",no
2,2,110,130,20,21,1,no,no,5,,"On flickering Phoebus' front,--",no
2,2,110,130,20,21,1,no,no,6,,discommend,no
2,2,110,130,20,21,1,no,no,7,,flatterer: he that beguiled,no
2,2,110,130,20,21,1,no,no,8,,was a plain knave; which,no
2,2,110,130,20,21,1,no,no,9,,"I will not be, though I should win your",no
2,2,110,130,20,21,1,no,no,10,,to entreat me to't.,no
2,2,110,130,20,21,1,no,no,11,,,no
2,2,110,130,20,21,1,no,no,12,,,no
2,2,110,130,20,21,1,no,no,13,,I never gave him any:,no
2,2,110,130,20,21,1,no,no,14,,It pleased the king his master very late,no
2,2,110,130,20,21,1,no,no,15,,"To strike at me, upon his misconstruction;",no
2,2,110,130,20,21,1,no,no,16,,"When he, conjunct, and flattering his dis-",no
2,2,110,130,20,21,1,no,no,17,,"pleasure,",no
2,2,110,130,20,21,1,no,no,18,,"Tripp'd me behind; being down, insulted, rail'd,",no
2,2,110,130,20,21,1,no,no,19,,"And put upon him such a deal of man,",no
2,2,110,130,20,21,1,no,no,20,,"That worthied him, got praises of the king",no
2,2,110,130,20,21,1,no,no,21,130,For him attempting who was self-subdued;,no
2,2,130,140,10,10,0,yes,no,,,,
2,2,140,149,9,9,0,yes,no,,,,
2,2,149,161,12,12,0,yes,no,,,,
2,2,161,171,10,10,0,yes,no,,,,
2,2,171,179,8,9,1,no,no,1,,That by thy comfortable beams I may,no
2,2,171,179,8,9,1,no,no,2,,Peruse this letter! Nothing almost sees miracles,no
2,2,171,179,8,9,1,no,no,3,,"But misery: I know 'tis from Cordelia,",no
2,2,171,179,8,9,1,no,no,4,,Who hath most fortunately been inform'd,no
2,2,171,179,8,9,1,no,no,5,,Of my obscured course; and shall find time,no
2,2,171,179,8,9,1,no,no,6,,"From this enormous state, seeking to give",no
2,2,171,179,8,9,1,no,no,7,,Losses their remedies. All weary and o'er-,no
2,2,171,179,8,9,1,no,no,8,,"watch'd,",no
2,2,171,179,8,9,1,no,no,9,179,"Take vantage, heavy eyes, not to behold",no
2,3,11,20,9,9,0,yes,no,,,,
2,4,11,20,9,9,0,yes,no,,,,
2,4,20,31,11,11,0,yes,no,,,,
2,4,31,40,9,9,0,yes,no,,,,
2,4,40,50,10,9,-1,no,no,1,,Being the very fellow that of late,no
2,4,40,50,10,9,-1,no,no,2,,"Display'd so saucily against your highness,--",no
2,4,40,50,10,9,-1,no,no,3,,"Having more man than wit about me, drew:",no
2,4,40,50,10,9,-1,no,no,4,,He raised the house with loud and coward cries.,no
2,4,40,50,10,9,-1,no,no,5,,Your son and daughter found this trespass worth,no
2,4,40,50,10,9,-1,no,no,6,,The shame which here it suffers.,no
2,4,40,50,10,9,-1,no,no,7,,fly that way.,no
2,4,40,50,10,9,-1,no,no,8,,Do make their children blind;,no
2,4,40,50,10,9,-1,no,no,9,50,But fathers that bear bags,no
2,4,50,80,30,31,1,no,no,1,,Shall see their children kind.,no
2,4,50,80,30,31,1,no,no,2,,"Fortune, that arrant whore,",no
2,4,50,80,30,31,1,no,no,3,,Ne'er turns the key to the poor.,no
2,4,50,80,30,31,1,no,no,4,,"But, for all this, thou shalt have as many dolours",no
2,4,50,80,30,31,1,no,no,5,,for thy,no
2,4,50,80,30,31,1,no,no,6,,year.,no
2,4,50,80,30,31,1,no,no,7,,,no
2,4,50,80,30,31,1,no,no,8,,"O, how this mother swells up toward my heart!",no
2,4,50,80,30,31,1,no,no,9,,"Hysterica passio, down, thou climbing sorrow,",no
2,4,50,80,30,31,1,no,no,10,,Thy element's below! Where is this daughter?,no
2,4,50,80,30,31,1,no,no,11,,"With the earl, sir, here within.",no
2,4,50,80,30,31,1,no,no,12,,Stay here.,no
2,4,50,80,30,31,1,no,no,13,,you speak of?,no
2,4,50,80,30,31,1,no,no,14,,None.,no
2,4,50,80,30,31,1,no,no,15,,How chance the king comes with so small a train?,no
2,4,50,80,30,31,1,no,no,16,,for that,no
2,4,50,80,30,31,1,no,no,17,,,no
2,4,50,80,30,31,1,no,no,18,,,no
2,4,50,80,30,31,1,no,no,19,,teach,no
2,4,50,80,30,31,1,no,no,20,,All that follow their,no
2,4,50,80,30,31,1,no,no,21,,eyes but blind men; and there's,no
2,4,50,80,30,31,1,no,no,22,,among twenty but can smell him that's stinking.,no
2,4,50,80,30,31,1,no,no,23,,Let go thy hold when a great wheel runs,no
2,4,50,80,30,31,1,no,no,24,,down a,no
2,4,50,80,30,31,1,no,no,25,,it; but the,no
2,4,50,80,30,31,1,no,no,26,,"hill, let him draw thee after.",no
2,4,50,80,30,31,1,no,no,27,,"man gives thee better counsel, give me mine",no
2,4,50,80,30,31,1,no,no,28,,again: I would have none but knaves follow,no
2,4,50,80,30,31,1,no,no,29,,"it, since a",no
2,4,50,80,30,31,1,no,no,30,,,no
2,4,50,80,30,31,1,no,no,31,80,"That which serves and seeks for gain,",no
2,4,80,91,11,11,0,yes,no,,,,
2,4,91,100,9,10,1,no,no,1,,The images of revolt and flying off.,no
2,4,91,100,9,10,1,no,no,2,,Fetch me a better answer.,no
2,4,91,100,9,10,1,no,no,3,,You know the fiery quality of the duke;,no
2,4,91,100,9,10,1,no,no,4,,How unremoveable and fix'd he is,no
2,4,91,100,9,10,1,no,no,5,,In his own course.,no
2,4,91,100,9,10,1,no,no,6,,Vengeance! plague! death! confusion!,no
2,4,91,100,9,10,1,no,no,7,,"Fiery? what quality? Why, Gloucester, Gloucester,",no
2,4,91,100,9,10,1,no,no,8,,I'll speak with the Duke of Cornwall and his wife.,no
2,4,91,100,9,10,1,no,no,9,,,no
2,4,91,100,9,10,1,no,no,10,100,"stand me, man?",no
2,4,100,110,10,10,0,yes,no,,,,
2,4,110,120,10,10,0,yes,no,,,,
2,4,120,130,10,10,0,yes,no,,,,
2,4,130,140,10,10,0,yes,no,,,,
2,4,140,149,9,9,0,yes,no,,,,
2,4,149,160,11,12,1,no,no,1,,Nature in you stands on the very verge,no
2,4,149,160,11,12,1,no,no,2,,Of her confine: you should be ruled and led,no
2,4,149,160,11,12,1,no,no,3,,"By some discretion, that discerns your state",no
2,4,149,160,11,12,1,no,no,4,,"Better than yourself. Therefore, I pray you,",no
2,4,149,160,11,12,1,no,no,5,,That to our sister you do make return;,no
2,4,149,160,11,12,1,no,no,6,,"Say you have wrong'd her, sir.",no
2,4,149,160,11,12,1,no,no,7,,Do you but mark how this becomes the house:,no
2,4,149,160,11,12,1,no,no,8,,"'Dear daughter, I confess that I am old;",no
2,4,149,160,11,12,1,no,no,9,,Age is unnecessary: on my knees I beg,no
2,4,149,160,11,12,1,no,no,10,,"That you'll vouchsafe me raiment, bed, and food.'",no
2,4,149,160,11,12,1,no,no,11,,"Good sir, no more; these are unsightly tricks:",no
2,4,149,160,11,12,1,no,no,12,160,Return you to my sister.,no
2,4,160,170,10,10,0,yes,no,,,,
2,4,170,181,11,11,0,yes,no,,,,
2,4,181,191,10,11,1,no,yes,1,,"The offices of nature, bond of childhood,",no
2,4,181,191,10,11,1,no,yes,2,,"Effects of courtesy, dues of gratitude;",no
2,4,181,191,10,11,1,no,yes,3,,Thy half o' the kingdom hast thou not forgot,no
2,4,181,191,10,11,1,no,yes,4,,Wherein I thee endow'd.,no
2,4,181,191,10,11,1,no,yes,5,,Who put my man i' the stocks?,no
2,4,181,191,10,11,1,no,yes,6,,"I know't, my sister's: this approves her letter,",no
2,4,181,191,10,11,1,no,yes,7,,That she would soon be here.,no
2,4,181,191,10,11,1,no,yes,8,,Is your lady come?,yes
2,4,181,191,10,11,1,no,yes,9,,"This is a slave, whose easy-borrow'd pride",no
2,4,181,191,10,11,1,no,yes,10,,Dwells in the fickle grace of her he follows.,no
2,4,181,191,10,11,1,no,yes,11,191,"Out, varlet, from my sight!",no
2,4,191,201,10,10,0,yes,no,,,,
2,4,201,210,9,9,0,yes,no,,,,
2,4,210,221,11,11,0,yes,no,,,,
2,4,221,230,9,9,0,yes,no,,,,
2,4,230,240,10,10,0,yes,no,,,,
2,4,240,250,10,10,0,yes,no,,,,
2,4,250,260,10,10,0,yes,no,,,,
2,4,260,270,10,10,0,yes,no,,,,
2,4,270,281,11,11,0,yes,no,,,,
2,4,281,291,10,10,0,yes,no,,,,
2,4,291,310,19,19,0,yes,no,,,,
3,1,11,20,9,9,0,yes,no,,,,
3,1,20,30,10,10,0,yes,no,,,,
3,1,30,40,10,10,0,yes,no,,,,
3,1,40,50,10,10,0,yes,no,,,,
3,2,9,21,12,13,1,no,no,1,,That make ingrateful man!,no
3,2,9,21,12,13,1,no,no,2,,house is,no
3,2,9,21,12,13,1,no,no,3,,"Good nuncle,",no
3,2,9,21,12,13,1,no,no,4,,here's a night pities,no
3,2,9,21,12,13,1,no,no,5,,nor fool.,no
3,2,9,21,12,13,1,no,no,6,,,no
3,2,9,21,12,13,1,no,no,7,,"Rumble thy bellyful! Spit, fire! spout, rain!",no
3,2,9,21,12,13,1,no,no,8,,"Nor rain, wind, thunder, fire, are my daughters:",no
3,2,9,21,12,13,1,no,no,9,,"I tax not you, you elements with unkindness;",no
3,2,9,21,12,13,1,no,no,10,,"I never gave you kingdom, call'd you children,",no
3,2,9,21,12,13,1,no,no,11,,You owe me no subscription: then let fall,no
3,2,9,21,12,13,1,no,no,12,,"Your horrible pleasure; here I stand, your slave,",no
3,2,9,21,12,13,1,no,no,13,21,"A poor, infirm, weak, and despised old man:",no
3,2,21,30,9,9,0,yes,no,,,,
3,2,30,41,11,11,0,yes,no,,,,
3,2,41,51,10,10,0,yes,no,,,,
3,2,51,60,9,10,1,no,no,1,,"Find out their enemies now. Tremble, thou wretch,",no
3,2,51,60,9,10,1,no,no,2,,"That hast within thee undivulged crimes,",no
3,2,51,60,9,10,1,no,no,3,,"Unwhipp'd of justice: hide thee, thou bloody hand;",no
3,2,51,60,9,10,1,no,no,4,,"Thou perjured, and thou simular man of virtue",no
3,2,51,60,9,10,1,no,no,5,,"That art incestuous: caitiff, to pieces shake,",no
3,2,51,60,9,10,1,no,no,6,,That under covert and convenient seeming,no
3,2,51,60,9,10,1,no,no,7,,"Hast practised on man's life: close pent-up guilts,",no
3,2,51,60,9,10,1,no,no,8,,"Rive your concealing continents, and cry",no
3,2,51,60,9,10,1,no,no,9,,These dreadful summoners grace. I am a man,no
3,2,51,60,9,10,1,no,no,10,60,More sinn'd against than sinning.,no
3,2,60,70,10,9,-1,no,no,1,,"Gracious my lord, hard by here is a hovel;",no
3,2,60,70,10,9,-1,no,no,2,,Some friendship will it lend you 'gainst the tempest:,no
3,2,60,70,10,9,-1,no,no,3,,Repose thou there; while I to this hard house--,no
3,2,60,70,10,9,-1,no,no,4,,More harder than the stones whereof 'tis raised;,no
3,2,60,70,10,9,-1,no,no,5,,"Which even but now, demanding after you,",no
3,2,60,70,10,9,-1,no,no,6,,"Denied me to come in--return, and force",no
3,2,60,70,10,9,-1,no,no,7,,Their scanted courtesy.,no
3,2,60,70,10,9,-1,no,no,8,,"Come on, my boy: how dost, my boy? art cold?",no
3,2,60,70,10,9,-1,no,no,9,70,"I am cold myself. Where is this straw, my fellow?",no
3,2,70,80,10,10,0,yes,no,,,,
3,2,80,91,11,11,0,yes,no,,,,
3,4,10,20,10,11,1,no,no,1,,"But if thy flight lay toward the raging sea,",no
3,4,10,20,10,11,1,no,no,2,,"Thou'ldst meet the bear i' the mouth. When the mind's free,",no
3,4,10,20,10,11,1,no,no,3,,The body's delicate: the tempest in my mind,no
3,4,10,20,10,11,1,no,no,4,,Doth from my senses take all feeling else,no
3,4,10,20,10,11,1,no,no,5,,Save what beats there. Filial ingratitude!,no
3,4,10,20,10,11,1,no,no,6,,Is it not as this mouth should tear this hand,no
3,4,10,20,10,11,1,no,no,7,,For lifting food to 't? But I will punish home:,no
3,4,10,20,10,11,1,no,no,8,,"No, I will weep no more. In such a night",no
3,4,10,20,10,11,1,no,no,9,,To shut me out! Pour on; I will endure.,no
3,4,10,20,10,11,1,no,no,10,,"Tn such a night as this! O Regan, Goneril!",no
3,4,10,20,10,11,1,no,no,11,20,"Your old kind father, whose frank heart gave",no
3,4,20,30,10,10,0,yes,no,,,,
3,4,30,50,20,19,-1,no,no,1,,"How shall your houseless heads and unfed sides,",no
3,4,30,50,20,19,-1,no,no,2,,"Your loop'd and window'd raggedness, defend you",no
3,4,30,50,20,19,-1,no,no,3,,"From seasons such as these? O, I have ta'en",no
3,4,30,50,20,19,-1,no,no,4,,"Too little care of this! Take physic, pomp;",no
3,4,30,50,20,19,-1,no,no,5,,"Expose thyself to feel what wretches feel,",no
3,4,30,50,20,19,-1,no,no,6,,"That thou mayst shake the superflux to them,",no
3,4,30,50,20,19,-1,no,no,7,,And show the heavens more just.,no
3,4,30,50,20,19,-1,no,no,8,,"Fathom and half, fathom and half! Poor Tom! [The Fool runs o",no
3,4,30,50,20,19,-1,no,no,9,,,no
3,4,30,50,20,19,-1,no,no,10,,Help,no
3,4,30,50,20,19,-1,no,no,11,,,no
3,4,30,50,20,19,-1,no,no,12,,poor,no
3,4,30,50,20,19,-1,no,no,13,,,no
3,4,30,50,20,19,-1,no,no,14,,there i' the,no
3,4,30,50,20,19,-1,no,no,15,,,no
3,4,30,50,20,19,-1,no,no,16,,Away! the foul fiend follows me!,no
3,4,30,50,20,19,-1,no,no,17,,Through the,no
3,4,30,50,20,19,-1,no,no,18,,Hum! go to thy cold,no
3,4,30,50,20,19,-1,no,no,19,50,Hast thou given all to thy two daughters?,no
3,4,50,70,20,21,1,no,no,1,,And art,no
3,4,50,70,20,21,1,no,no,2,,whom,no
3,4,50,70,20,21,1,no,no,3,,"through flame,",no
3,4,50,70,20,21,1,no,no,4,,o'er bog and quagmire;,no
3,4,50,70,20,21,1,no,no,5,,"knives under his pillow, and halters",no
3,4,50,70,20,21,1,no,no,6,,pew; set ratsbane by his porridge; made him,no
3,4,50,70,20,21,1,no,no,7,,"proud of heart, to ride on a bay trotting-horse",no
3,4,50,70,20,21,1,no,no,8,,over four-inched,no
3,4,50,70,20,21,1,no,no,9,,shadow for a traitor.,no
3,4,50,70,20,21,1,no,no,10,,"Tom's a-cold,--O, do de, do de, do de.",no
3,4,50,70,20,21,1,no,no,11,,"thee from whirlwinds, star-blasting, and taking!",no
3,4,50,70,20,21,1,no,no,12,,"Do poor Tom some charity, whom the",no
3,4,50,70,20,21,1,no,no,13,,foul fiend,no
3,4,50,70,20,21,1,no,no,14,,"--and there,--and there",no
3,4,50,70,20,21,1,no,no,15,,,no
3,4,50,70,20,21,1,no,no,16,,"What, have his daughters brought him to this pass?",no
3,4,50,70,20,21,1,no,no,17,,Couldst thou save nothing? Didst thou give them all?,no
3,4,50,70,20,21,1,no,no,18,,had been all,no
3,4,50,70,20,21,1,no,no,19,,,no
3,4,50,70,20,21,1,no,no,20,,"Now, all the plagues that in the pendulous air",no
3,4,50,70,20,21,1,no,no,21,70,Hang fated o'er men's faults light on thy,no
3,4,70,101,31,32,1,no,no,1,,daughters!,no
3,4,70,101,31,32,1,no,no,2,,,no
3,4,70,101,31,32,1,no,no,3,,"Death, traitor! nothing could have subdued nature",no
3,4,70,101,31,32,1,no,no,4,,To such a lowness but his unkind daughters.,no
3,4,70,101,31,32,1,no,no,5,,"Is it the fashion, that discarded fathers",no
3,4,70,101,31,32,1,no,no,6,,Should have thus little mercy on their flesh?,no
3,4,70,101,31,32,1,no,no,7,,Judicious punishment! 'twas this flesh begot,no
3,4,70,101,31,32,1,no,no,8,,Those pelican daughters.,no
3,4,70,101,31,32,1,no,no,9,,Pillicock sat on Pillicock-hill:,no
3,4,70,101,31,32,1,no,no,10,,"Halloo, halloo, loo, loo!",no
3,4,70,101,31,32,1,no,no,11,,fools and,no
3,4,70,101,31,32,1,no,no,12,,,no
3,4,70,101,31,32,1,no,no,13,,thy parents;,no
3,4,70,101,31,32,1,no,no,14,,commit not,no
3,4,70,101,31,32,1,no,no,15,,thy sweet heart on,no
3,4,70,101,31,32,1,no,no,16,,,no
3,4,70,101,31,32,1,no,no,17,,,no
3,4,70,101,31,32,1,no,no,18,,mind; that,no
3,4,70,101,31,32,1,no,no,19,,my cap; served the lust,no
3,4,70,101,31,32,1,no,no,20,,and did the act of darkness with,no
3,4,70,101,31,32,1,no,no,21,,"as many oaths as I spake words, and broke",no
3,4,70,101,31,32,1,no,no,22,,them in the sweet face of heaven: one that,no
3,4,70,101,31,32,1,no,no,23,,slept in the,no
3,4,70,101,31,32,1,no,no,24,,"do it: wine loved I deeply, dice",no
3,4,70,101,31,32,1,no,no,25,,in woman out-paramoured,no
3,4,70,101,31,32,1,no,no,26,,"heart, light of ear, bloody of hand;",no
3,4,70,101,31,32,1,no,no,27,,"sloth, fox in stealth, wolf in greediness, dog",no
3,4,70,101,31,32,1,no,no,28,,"madness, lion in prey. Let not the creaking",no
3,4,70,101,31,32,1,no,no,29,,of shoes,no
3,4,70,101,31,32,1,no,no,30,,poor heart to woman:,no
3,4,70,101,31,32,1,no,no,31,,"brothels, thy hand out of",no
3,4,70,101,31,32,1,no,no,32,101,"from lenders' books, and defy the",no
3,4,101,119,18,18,0,yes,no,,,,
3,4,119,130,11,12,1,no,no,1,,,no
3,4,119,130,11,12,1,no,no,2,,he begins at,no
3,4,119,130,11,12,1,no,no,3,,cock; he gives the web,no
3,4,119,130,11,12,1,no,no,4,,"the eye, and makes the hare-lip;",no
3,4,119,130,11,12,1,no,no,5,,"white wheat, and hurts the poor creature",no
3,4,119,130,11,12,1,no,no,6,,earth.,no
3,4,119,130,11,12,1,no,no,7,,,no
3,4,119,130,11,12,1,no,no,8,,S. Withold footed thrice the old;,no
3,4,119,130,11,12,1,no,no,9,,"He met the night-mare, and her nine-fold;",no
3,4,119,130,11,12,1,no,no,10,,"Bid her alight,",no
3,4,119,130,11,12,1,no,no,11,,"And her troth plight,",no
3,4,119,130,11,12,1,no,no,12,130,"And, aroint thee, witch, aroint thee!",no
3,4,130,150,20,21,1,no,no,1,,,no
3,4,130,150,20,21,1,no,no,2,,,no
3,4,130,150,20,21,1,no,no,3,,,no
3,4,130,150,20,21,1,no,no,4,,,no
3,4,130,150,20,21,1,no,no,5,,"frog, the",no
3,4,130,150,20,21,1,no,no,6,,the water; that,no
3,4,130,150,20,21,1,no,no,7,,"the foul fiend rages, eats",no
3,4,130,150,20,21,1,no,no,8,,swallows the old rat and,no
3,4,130,150,20,21,1,no,no,9,,the green mantle of the standing,no
3,4,130,150,20,21,1,no,no,10,,"whipped from tithing to tithing, and",no
3,4,130,150,20,21,1,no,no,11,,"punished, and imprisoned; who hath had three",no
3,4,130,150,20,21,1,no,no,12,,suits,no
3,4,130,150,20,21,1,no,no,13,,"to ride, and weapon to wear;",no
3,4,130,150,20,21,1,no,no,14,,,no
3,4,130,150,20,21,1,no,no,15,,"But mice and rats, and such small deer,",no
3,4,130,150,20,21,1,no,no,16,,Have been Tom's food for seven long year.,no
3,4,130,150,20,21,1,no,no,17,,"Beware my follower. Peace, Smulkin; peace, thou fiend!",no
3,4,130,150,20,21,1,no,no,18,,,no
3,4,130,150,20,21,1,no,no,19,,The prince of darkness is a gentle-,no
3,4,130,150,20,21,1,no,no,20,,man: Modo,no
3,4,130,150,20,21,1,no,no,21,150,Our flesh and blood is grown so,no
3,4,150,160,10,10,0,yes,no,,,,
3,4,160,170,10,11,1,no,no,1,,What is the cause of thunder?,no
3,4,160,170,10,11,1,no,no,2,,"Good my lord, take his offer;",no
3,4,160,170,10,11,1,no,no,3,,I'll talk a word with this same learned Theban.,no
3,4,160,170,10,11,1,no,no,4,,What is your study?,no
3,4,160,170,10,11,1,no,no,5,,,no
3,4,160,170,10,11,1,no,no,6,,,no
3,4,160,170,10,11,1,no,no,7,,"Importune him once more to go, my lord;",no
3,4,160,170,10,11,1,no,no,8,,His wits begin to unsettle.,no
3,4,160,170,10,11,1,no,no,9,,Canst thou blame him?,no
3,4,160,170,10,11,1,no,no,10,,"His daughters seek his death; ah, that good Kent!",no
3,4,160,170,10,11,1,no,no,11,170,"He said it would be thus, poor banish'd man!",no
3,4,170,181,11,13,2,no,yes,1,,"Thou say'st the king grows mad; I'll tell thee, friend.",no
3,4,170,181,11,13,2,no,yes,2,,"I am almost mad myself: I had a son,",no
3,4,170,181,11,13,2,no,yes,3,,"Now outlaw'd from my blood: he sought my life,",no
3,4,170,181,11,13,2,no,yes,4,,"But lately, very late: I loved him, friend:",no
3,4,170,181,11,13,2,no,yes,5,,"No father his son dearer: truth to tell thee,",no
3,4,170,181,11,13,2,no,yes,6,,The grief hath crazed my wits. What a night's this!,no
3,4,170,181,11,13,2,no,yes,7,,"I do beseech your grace,--",no
3,4,170,181,11,13,2,no,yes,8,,"Noble philosopher, your company.",no
3,4,170,181,11,13,2,no,yes,9,,,no
3,4,170,181,11,13,2,no,yes,10,,"In, fellow, there, into the hovel: keep thee warm.",no
3,4,170,181,11,13,2,no,yes,11,,"Come, let's in all.",yes
3,4,170,181,11,13,2,no,yes,12,,"This way, my lord.",no
3,4,170,181,11,13,2,no,yes,13,181,With him;,yes
3,5,9,20,11,12,1,no,no,1,,,no
3,5,9,20,11,12,1,no,no,2,,must repent,no
3,5,9,20,11,12,1,no,no,3,,"spoke of,",no
3,5,9,20,11,12,1,no,no,4,,party to the advantages,no
3,5,9,20,11,12,1,no,no,5,,"that this treason were not,",no
3,5,9,20,11,12,1,no,no,6,,detector!,no
3,5,9,20,11,12,1,no,no,7,,,no
3,5,9,20,11,12,1,no,no,8,,,no
3,5,9,20,11,12,1,no,no,9,,you have,no
3,5,9,20,11,12,1,no,no,10,,,no
3,5,9,20,11,12,1,no,no,11,,of Gloucester.,no
3,5,9,20,11,12,1,no,no,12,20,that be may he,no
3,6,11,21,10,10,0,yes,no,,,,
3,6,21,40,19,20,1,no,no,1,,,no
3,6,21,40,19,20,1,no,no,2,,It shall be done; I will arraign them straight.,no
3,6,21,40,19,20,1,no,no,3,,[To Edgar],no
3,6,21,40,19,20,1,no,no,4,,[To the Fool],no
3,6,21,40,19,20,1,no,no,5,,"Now, you she foxes!",no
3,6,21,40,19,20,1,no,no,6,,"Look, where he stands and glares!",no
3,6,21,40,19,20,1,no,no,7,,"Wantest thou eyes at trial, madam?",no
3,6,21,40,19,20,1,no,no,8,,"Come o'er the bourn, Bessy, to me,--",no
3,6,21,40,19,20,1,no,no,9,,"Her boat hath a leak,",no
3,6,21,40,19,20,1,no,no,10,,And she must not speak,no
3,6,21,40,19,20,1,no,no,11,,Why she dares not come over to thee.,no
3,6,21,40,19,20,1,no,no,12,,the voice of a nightingale. Hopdance cries in,no
3,6,21,40,19,20,1,no,no,13,,"Tom's belly for two white herring. Croak not,",no
3,6,21,40,19,20,1,no,no,14,,black angel; I have no food for thee.,no
3,6,21,40,19,20,1,no,no,15,,,no
3,6,21,40,19,20,1,no,no,16,,"How do you, sir? Stand you not so amazed:",no
3,6,21,40,19,20,1,no,no,17,,Will you lie down and rest upon the cushions?,no
3,6,21,40,19,20,1,no,no,18,,I'll see their trial first. Bring in the evidence.,no
3,6,21,40,19,20,1,no,no,19,,[To Edgar],no
3,6,21,40,19,20,1,no,no,20,40,[To the Fool],no
3,6,40,50,10,10,0,yes,no,,,,
3,6,50,60,10,9,-1,no,no,1,,,no
3,6,50,60,10,9,-1,no,no,2,,,no
3,6,50,60,10,9,-1,no,no,3,,,no
3,6,50,60,10,9,-1,no,no,4,,joint-stool.,no
3,6,50,60,10,9,-1,no,no,5,,,no
3,6,50,60,10,9,-1,no,no,6,,"And here's another, whose warp'd looks proclaim",no
3,6,50,60,10,9,-1,no,no,7,,What store her heart is made on. Stop her there!,no
3,6,50,60,10,9,-1,no,no,8,,"Arms, arms, sword, fire! Corruption in the place!",no
3,6,50,60,10,9,-1,no,no,9,60,"False justicer, why hast thou let her 'scape?",no
3,6,60,70,10,10,0,yes,no,,,,
3,6,70,79,9,9,0,yes,no,,,,
3,6,79,91,12,11,-1,no,no,1,,horn is dry.,no
3,6,79,91,12,11,-1,no,no,2,,what,no
3,6,79,91,12,11,-1,no,no,3,,cause in nature that,no
3,6,79,91,12,11,-1,no,no,4,,"You, sir, I entertain for one of",no
3,6,79,91,12,11,-1,no,no,5,,my hundred; only I do not like the fashion of,no
3,6,79,91,12,11,-1,no,no,6,,your garments:,no
3,6,79,91,12,11,-1,no,no,7,,attire; but let them be,no
3,6,79,91,12,11,-1,no,no,8,,,no
3,6,79,91,12,11,-1,no,no,9,,,no
3,6,79,91,12,11,-1,no,no,10,,the curtains:,no
3,6,79,91,12,11,-1,no,no,11,91,"the morning. So, so, so.",no
3,6,91,99,8,8,0,yes,no,,,,
3,6,99,110,11,11,0,yes,no,,,,
3,6,110,121,11,11,0,yes,no,,,,
3,7,21,30,9,9,0,yes,no,,,,
3,7,30,40,10,10,0,yes,no,,,,
3,7,40,50,10,13,3,no,yes,1,,With robbers' hands my hospitable favours,no
3,7,40,50,10,13,3,no,yes,2,,You should not ruffle thus. What will you do?,no
3,7,40,50,10,13,3,no,yes,3,,,no
3,7,40,50,10,13,3,no,yes,4,,,no
3,7,40,50,10,13,3,no,yes,5,,And what confederacy have you with the traitors,no
3,7,40,50,10,13,3,no,yes,6,,Late footed in the kingdom?,no
3,7,40,50,10,13,3,no,yes,7,,To whose hands,no
3,7,40,50,10,13,3,no,yes,8,,Speak.,no
3,7,40,50,10,13,3,no,yes,9,,"I have a letter guessingly set down,",no
3,7,40,50,10,13,3,no,yes,10,,"Which came from one that's of a neutral heart,",no
3,7,40,50,10,13,3,no,yes,11,,And not from one opposed.,yes
3,7,40,50,10,13,3,no,yes,12,,Cunning.,no
3,7,40,50,10,13,3,no,yes,13,50,And false.,yes
3,7,50,60,10,10,0,yes,no,,,,
3,7,60,80,20,20,0,yes,no,,,,
3,7,80,90,10,10,0,yes,no,,,,
3,7,90,100,10,11,1,no,no,1,,Who is too good to pity thee.,no
3,7,90,100,10,11,1,no,no,2,,O my follies! then Edgar was abused.,no
3,7,90,100,10,11,1,no,no,3,,"Kind gods, forgive me that, and prosper him!",no
3,7,90,100,10,11,1,no,no,4,,"Go thrust him out at gates, and let him smell",no
3,7,90,100,10,11,1,no,no,5,,His way to Dover.,no
3,7,90,100,10,11,1,no,no,6,,"I have received a hurt: follow me, lady.",no
3,7,90,100,10,11,1,no,no,7,,Turn out that eyeless villain; throw this slave,no
3,7,90,100,10,11,1,no,no,8,,"Upon the dunghill. Regan, I bleed apace:",no
3,7,90,100,10,11,1,no,no,9,,Untimely comes this hurt: give me your arm.,no
3,7,90,100,10,11,1,no,no,10,,"I'll never care what wickedness I do,",no
3,7,90,100,10,11,1,no,no,11,100,If this man come to good.,no
4,1,11,20,9,9,0,yes,no,,,,
4,1,20,30,10,12,2,no,no,1,,"I have no way, and therefore want no eyes;",no
4,1,20,30,10,12,2,no,no,2,,"I stumbled when I saw: full oft 'tis seen,",no
4,1,20,30,10,12,2,no,no,3,,"Our means secure us, and our mere defects",no
4,1,20,30,10,12,2,no,no,4,,"Prove our commodities. O dear son Edgar,",no
4,1,20,30,10,12,2,no,no,5,,The food of thy abused father's wrath!,no
4,1,20,30,10,12,2,no,no,6,,"Might I but live to see thee in my touch,",no
4,1,20,30,10,12,2,no,no,7,,I'ld say I had eyes again!,no
4,1,20,30,10,12,2,no,no,8,,[Aside],no
4,1,20,30,10,12,2,no,no,9,,am at the worst;?,no
4,1,20,30,10,12,2,no,no,10,,I am worse than e'er I was.,no
4,1,20,30,10,12,2,no,no,11,,[Aside],no
4,1,20,30,10,12,2,no,no,12,30,worst is not,no
4,1,30,50,20,21,1,no,no,1,,So long as we can say 'This is the worst.',no
4,1,30,50,20,21,1,no,no,2,,"Fellow, where goest?",no
4,1,30,50,20,21,1,no,no,3,,Madman and beggar too.,no
4,1,30,50,20,21,1,no,no,4,,"He has some reason, else he could not beg.",no
4,1,30,50,20,21,1,no,no,5,,I' the last night's storm I such a fellow saw;,no
4,1,30,50,20,21,1,no,no,6,,Which made me think a man a worm: my son,no
4,1,30,50,20,21,1,no,no,7,,Came then into my mind; and yet my mind,no
4,1,30,50,20,21,1,no,no,8,,Was then scarce friends with him:,no
4,1,30,50,20,21,1,no,no,9,,"As flies to wanton boys, are we to the gods,",no
4,1,30,50,20,21,1,no,no,10,,They kill us for their sport.,no
4,1,30,50,20,21,1,no,no,11,,[Aside],no
4,1,30,50,20,21,1,no,no,12,,"Bad is the trade that must play fool to sorrow,",no
4,1,30,50,20,21,1,no,no,13,,"Angering itself and others.--Bless thee, master!",no
4,1,30,50,20,21,1,no,no,14,,Is that the naked fellow?,no
4,1,30,50,20,21,1,no,no,15,,"Then, prithee, get thee gone: if, for my sake,",no
4,1,30,50,20,21,1,no,no,16,,"Thou wilt o'ertake us, hence a mile or twain,",no
4,1,30,50,20,21,1,no,no,17,,"I' the way toward Dover, do it for ancient love;",no
4,1,30,50,20,21,1,no,no,18,,"And bring some covering for this naked soul,",no
4,1,30,50,20,21,1,no,no,19,,Who I'll entreat to lead me.,no
4,1,30,50,20,21,1,no,no,20,,"'Tis the times' plague,",no
4,1,30,50,20,21,1,no,no,21,50,"Do as I bid thee, or rather do thy pleasure;",no
4,1,50,70,20,22,2,no,no,1,,"Above the rest, be gone.",no
4,1,50,70,20,22,2,no,no,2,,"I'll bring him the best 'parel that I have,",no
4,1,50,70,20,22,2,no,no,3,,Come on't what will.,no
4,1,50,70,20,22,2,no,no,4,,,no
4,1,50,70,20,22,2,no,no,5,,,no
4,1,50,70,20,22,2,no,no,6,,"And yet I must.--Bless thy sweet eyes, they bleed.",no
4,1,50,70,20,22,2,no,no,7,,"sweet eyes, they bleed.",no
4,1,50,70,20,22,2,no,no,8,,,no
4,1,50,70,20,22,2,no,no,9,,,no
4,1,50,70,20,22,2,no,no,10,,foot-path.,no
4,1,50,70,20,22,2,no,no,11,,his good wits: bless,no
4,1,50,70,20,22,2,no,no,12,,from the foul fiend! five fiends have been in,no
4,1,50,70,20,22,2,no,no,13,,"poor Tom at once; of lust, as Obidicut; Hobbididance,",no
4,1,50,70,20,22,2,no,no,14,,"prince of dumbness; Mahu, of",no
4,1,50,70,20,22,2,no,no,15,,"stealing; Modo, of murder; Flibbertigibbet,",no
4,1,50,70,20,22,2,no,no,16,,"of moping and mowing, who since possesses",no
4,1,50,70,20,22,2,no,no,17,,"chambermaids and waiting-women. So, bless",no
4,1,50,70,20,22,2,no,no,18,,"thee, master!",no
4,1,50,70,20,22,2,no,no,19,,,no
4,1,50,70,20,22,2,no,no,20,,"Here, take this purse, thou whom the heavens' plagues",no
4,1,50,70,20,22,2,no,no,21,,Have humbled to all strokes: that I am wretched,no
4,1,50,70,20,22,2,no,no,22,70,"Makes thee the happier: heavens, deal so still!",no
4,1,70,81,11,12,1,no,no,1,,"Let the superfluous and lust-dieted man,",no
4,1,70,81,11,12,1,no,no,2,,"That slaves your ordinance, that will not see",no
4,1,70,81,11,12,1,no,no,3,,"Because he doth not feel, feel your power quickly;",no
4,1,70,81,11,12,1,no,no,4,,"So distribution should undo excess,",no
4,1,70,81,11,12,1,no,no,5,,And each man have enough. Dost thou know Dover?,no
4,1,70,81,11,12,1,no,no,6,,,no
4,1,70,81,11,12,1,no,no,7,,"There is a cliff, whose high and bending head",no
4,1,70,81,11,12,1,no,no,8,,Looks fearfully in the confined deep:,no
4,1,70,81,11,12,1,no,no,9,,"Bring me but to the very brim of it,",no
4,1,70,81,11,12,1,no,no,10,,And I'll repair the misery thou dost bear,no
4,1,70,81,11,12,1,no,no,11,,With something rich about me: from that place,no
4,1,70,81,11,12,1,no,no,12,81,I shall no leading need.,no
4,2,10,20,10,11,1,no,no,1,,What most he should dislike seems pleasant to him;,no
4,2,10,20,10,11,1,no,no,2,,"What like, offensive.",no
4,2,10,20,10,11,1,no,no,3,,Then shall you go no further.,no
4,2,10,20,10,11,1,no,no,4,,"It is the cowish terror of his spirit,",no
4,2,10,20,10,11,1,no,no,5,,That dares not undertake: he'll not feel wrongs,no
4,2,10,20,10,11,1,no,no,6,,Which tie him to an answer. Our wishes on the way,no
4,2,10,20,10,11,1,no,no,7,,"May prove effects. Back, Edmund, to my brother;",no
4,2,10,20,10,11,1,no,no,8,,Hasten his musters and conduct his powers:,no
4,2,10,20,10,11,1,no,no,9,,"I must change arms at home, and give the distaff",no
4,2,10,20,10,11,1,no,no,10,,Into my husband's hands. This trusty servant,no
4,2,10,20,10,11,1,no,no,11,20,"Shall pass between us: ere long you are like to hear,",no
4,2,20,30,10,10,0,yes,no,,,,
4,2,30,40,10,10,0,yes,no,,,,
4,2,40,50,10,11,1,no,no,1,,"Tigers, not daughters, what have you perform'd?",no
4,2,40,50,10,11,1,no,no,2,,"A father, and a gracious aged man,",no
4,2,40,50,10,11,1,no,no,3,,"Whose reverence even the head-lugg'd bear would lick,",no
4,2,40,50,10,11,1,no,no,4,,"Most barbarous, most degenerate! have you madded.",no
4,2,40,50,10,11,1,no,no,5,,Could my good brother suffer you to do it?,no
4,2,40,50,10,11,1,no,no,6,,"A man, a prince, by him so benefited!",no
4,2,40,50,10,11,1,no,no,7,,If that the heavens do not their visible spirits,no
4,2,40,50,10,11,1,no,no,8,,"Send quickly down to tame these vile offences,",no
4,2,40,50,10,11,1,no,no,9,,"It will come,",no
4,2,40,50,10,11,1,no,no,10,,"Humanity must perforce prey on itself,",no
4,2,40,50,10,11,1,no,no,11,50,Like monsters of the deep.,no
4,2,50,60,10,9,-1,no,no,1,,"That bear'st a cheek for blows, a head for wrongs:",no
4,2,50,60,10,9,-1,no,no,2,,Who hast not in thy brows an eye discerning,no
4,2,50,60,10,9,-1,no,no,3,,Thine honour from thy suffering; that not know'st,no
4,2,50,60,10,9,-1,no,no,4,,Fools do those villains pity who are punish'd,no
4,2,50,60,10,9,-1,no,no,5,,Ere they have done their mischief. Where's thy drum?,no
4,2,50,60,10,9,-1,no,no,6,,"France spreads his banners in our noiseless land,",no
4,2,50,60,10,9,-1,no,no,7,,With plumed helm thy state begins threats;,no
4,2,50,60,10,9,-1,no,no,8,,"Whiles thou, a moral fool, sit'st still, and criest",no
4,2,50,60,10,9,-1,no,no,9,60,"'Alack, why does he so?'",no
4,2,60,81,21,22,1,no,no,1,,Proper deformity seems not in the fiend,no
4,2,60,81,21,22,1,no,no,2,,So horrid as in woman.,no
4,2,60,81,21,22,1,no,no,3,,"Thou changed and self-cover'd thing, for shame,",no
4,2,60,81,21,22,1,no,no,4,,Be-monster not thy feature. Were't my fitness,no
4,2,60,81,21,22,1,no,no,5,,"To let these hands obey my blood,",no
4,2,60,81,21,22,1,no,no,6,,They are apt enough to dislocate and tear,no
4,2,60,81,21,22,1,no,no,7,,"Thy flesh and bones: howe'er thou art a fiend,",no
4,2,60,81,21,22,1,no,no,8,,A woman's shape doth shield thee.,no
4,2,60,81,21,22,1,no,no,9,,"Marry, your manhood now--",no
4,2,60,81,21,22,1,no,no,10,,What news?,no
4,2,60,81,21,22,1,no,no,11,,"O, my good lord, the Duke of Cornwall's dead;",no
4,2,60,81,21,22,1,no,no,12,,"Slain by his servant, going to put out",no
4,2,60,81,21,22,1,no,no,13,,The other eye of Gloucester.,no
4,2,60,81,21,22,1,no,no,14,,"A servant that he bred, thrill'd with remorse,",no
4,2,60,81,21,22,1,no,no,15,,"Opposed against the act, bending his sword",no
4,2,60,81,21,22,1,no,no,16,,"To his great master; who, thereat enraged,",no
4,2,60,81,21,22,1,no,no,17,,"Flew on him, and amongst them fell'd him dead;",no
4,2,60,81,21,22,1,no,no,18,,"But not without that harmful stroke, which since",no
4,2,60,81,21,22,1,no,no,19,,Hath pluck'd him after.,no
4,2,60,81,21,22,1,no,no,20,,"You justicers, that these our nether crimes",no
4,2,60,81,21,22,1,no,no,21,,"So speedily can venge! But, O poor Gloucester",no
4,2,60,81,21,22,1,no,no,22,81,Lost he his other eye?,no
4,2,81,90,9,10,1,no,yes,1,,"Both, both, my lord.",yes
4,2,81,90,9,10,1,no,yes,2,,"This letter, madam, craves a speedy answer;",no
4,2,81,90,9,10,1,no,yes,3,,'Tis from your sister.,no
4,2,81,90,9,10,1,no,yes,4,,[Aside],no
4,2,81,90,9,10,1,no,yes,5,,"But being widow, and my Gloucester with her,",no
4,2,81,90,9,10,1,no,yes,6,,May all the building in my fancy pluck,no
4,2,81,90,9,10,1,no,yes,7,,"Upon my hateful life: another way,",no
4,2,81,90,9,10,1,no,yes,8,,"The news is not so tart.--I'll read, and answer.",no
4,2,81,90,9,10,1,no,yes,9,,Where was his son,no
4,2,81,90,9,10,1,no,yes,10,90,Come with my lady hither.,no
4,3,10,20,10,10,0,yes,no,,,,
4,3,20,30,10,10,0,yes,no,,,,
4,3,30,40,10,10,0,yes,no,,,,
4,3,40,50,10,11,1,no,no,1,,"Well, sir, the poor distressed Lear's i' the town;",no
4,3,40,50,10,11,1,no,no,2,,"Who sometime, in his better tune, remembers",no
4,3,40,50,10,11,1,no,no,3,,"What we are come about, and by no means",no
4,3,40,50,10,11,1,no,no,4,,Will yield to see his daughter.,no
4,3,40,50,10,11,1,no,no,5,,"A sovereign shame so elbows him: his own unkindness,",no
4,3,40,50,10,11,1,no,no,6,,"That stripp'd her from his benediction, turn'd her",no
4,3,40,50,10,11,1,no,no,7,,"To foreign casualties, gave her dear rights",no
4,3,40,50,10,11,1,no,no,8,,"To his dog-hearted daughters, these things sting",no
4,3,40,50,10,11,1,no,no,9,,"His mind so venomously, that burning shame",no
4,3,40,50,10,11,1,no,no,10,,Detains him from Cordelia.,no
4,3,40,50,10,11,1,no,no,11,50,Of Albany's and Cornwall's powers,no
4,4,11,20,9,10,1,no,no,1,,"There is means, madam:",no
4,4,11,20,9,10,1,no,no,2,,"Our foster-nurse of nature is repose,",no
4,4,11,20,9,10,1,no,no,3,,"The which he lacks; that to provoke in him,",no
4,4,11,20,9,10,1,no,no,4,,"Are many simples operative, whose power",no
4,4,11,20,9,10,1,no,no,5,,Will close the eye of anguish.,no
4,4,11,20,9,10,1,no,no,6,,"All you unpublish'd virtues of the earth,",no
4,4,11,20,9,10,1,no,no,7,,Spring with my tears! be aidant and remediate,no
4,4,11,20,9,10,1,no,no,8,,"In the good man's distress! Seek, seek for him;",no
4,4,11,20,9,10,1,no,no,9,,Lest his ungovern'd rage dissolve the life,no
4,4,11,20,9,10,1,no,no,10,20,That wants the means to lead it.,no
4,5,10,20,10,10,0,yes,no,,,,
4,5,20,31,11,11,0,yes,no,,,,
4,5,31,40,9,10,1,no,no,1,,And more convenient is he for my hand,no
4,5,31,40,9,10,1,no,no,2,,Than for your lady's: you may gather more.,no
4,5,31,40,9,10,1,no,no,3,,"If you do find him, pray you, give him this;",no
4,5,31,40,9,10,1,no,no,4,,"And when your mistress hears thus much from you,",no
4,5,31,40,9,10,1,no,no,5,,"I pray, desire her call her wisdom to her.",no
4,5,31,40,9,10,1,no,no,6,,"So, fare you well.",no
4,5,31,40,9,10,1,no,no,7,,"If you do chance to hear of that blind traitor,",no
4,5,31,40,9,10,1,no,no,8,,Preferment falls on him that cuts him off.,no
4,5,31,40,9,10,1,no,no,9,,"Would I could meet him, madam! I should show",no
4,5,31,40,9,10,1,no,no,10,40,What party I do follow.,no
4,6,10,20,10,10,0,yes,no,,,,
4,6,20,30,10,10,0,yes,no,,,,
4,6,30,39,9,9,0,yes,no,,,,
4,6,39,50,11,11,0,yes,no,,,,
4,6,50,60,10,10,0,yes,no,,,,
4,6,60,70,10,10,0,yes,no,,,,
4,6,70,80,10,11,1,no,no,1,,"Were two full moons; he had a thousand noses,",no
4,6,70,80,10,11,1,no,no,2,,Horns whelk'd and waved like the enridged sea:,no
4,6,70,80,10,11,1,no,no,3,,"It was some fiend; therefore, thou happy father,",no
4,6,70,80,10,11,1,no,no,4,,"Think that the clearest gods, who make them honors",no
4,6,70,80,10,11,1,no,no,5,,"Of men's impossibilities, have preserved thee.",no
4,6,70,80,10,11,1,no,no,6,,I do remember now: henceforth I'll bear,no
4,6,70,80,10,11,1,no,no,7,,Affliction till it do cry out itself,no
4,6,70,80,10,11,1,no,no,8,,"'Enough, enough,' and die. That thing you speak of,",no
4,6,70,80,10,11,1,no,no,9,,I took it for a man; often 'twould say,no
4,6,70,80,10,11,1,no,no,10,,"'The fiend, the fiend:' he led me to that place.",no
4,6,70,80,10,11,1,no,no,11,80,who comes here?,no
4,6,80,120,40,42,2,no,no,1,,The safer sense will ne'er accommodate,no
4,6,80,120,40,42,2,no,no,2,,His master thus.,no
4,6,80,120,40,42,2,no,no,3,,,no
4,6,80,120,40,42,2,no,no,4,,"No, they cannot touch me for coining;",no
4,6,80,120,40,42,2,no,no,5,,I am the,no
4,6,80,120,40,42,2,no,no,6,,,no
4,6,80,120,40,42,2,no,no,7,,There's your,no
4,6,80,120,40,42,2,no,no,8,,his bow like a crow-keeper:,no
4,6,80,120,40,42,2,no,no,9,,"a clothier's yard. Look, look, a",no
4,6,80,120,40,42,2,no,no,10,,peace; this piece of toasted cheese will,no
4,6,80,120,40,42,2,no,no,11,,There's my gauntlet; I'll prove it on a giant.,no
4,6,80,120,40,42,2,no,no,12,,"Bring up the brown bills. O, well flown, bird!",no
4,6,80,120,40,42,2,no,no,13,,i' the,no
4,6,80,120,40,42,2,no,no,14,,word.,no
4,6,80,120,40,42,2,no,no,15,,,no
4,6,80,120,40,42,2,no,no,16,,,no
4,6,80,120,40,42,2,no,no,17,,,no
4,6,80,120,40,42,2,no,no,18,,,no
4,6,80,120,40,42,2,no,no,19,,They flattered,no
4,6,80,120,40,42,2,no,no,20,,had white hairs in,no
4,6,80,120,40,42,2,no,no,21,,ones were there. To say 'ay' and,no
4,6,80,120,40,42,2,no,no,22,,every thing that I said!--'Ay' and 'no' too,no
4,6,80,120,40,42,2,no,no,23,,was no good,no
4,6,80,120,40,42,2,no,no,24,,"wet me once, and the",no
4,6,80,120,40,42,2,no,no,25,,when the thunder would not,no
4,6,80,120,40,42,2,no,no,26,,"bidding; there I found 'em, there I smelt 'em",no
4,6,80,120,40,42,2,no,no,27,,"out. Go to, they are not men o' their words:",no
4,6,80,120,40,42,2,no,no,28,,they told,no
4,6,80,120,40,42,2,no,no,29,,am not ague-proof.,no
4,6,80,120,40,42,2,no,no,30,,,no
4,6,80,120,40,42,2,no,no,31,,The trick of that voice I do well remember:,no
4,6,80,120,40,42,2,no,no,32,,Is't not the king?,no
4,6,80,120,40,42,2,no,no,33,,"When I do stare, see how the subject quakes.",no
4,6,80,120,40,42,2,no,no,34,,I pardon that man's life. What was thy cause?,no
4,6,80,120,40,42,2,no,no,35,,Adultery?,no
4,6,80,120,40,42,2,no,no,36,,Thou shalt not die: die for adultery!,no
4,6,80,120,40,42,2,no,no,37,,"The wren goes to't, and the small gilded fly",no
4,6,80,120,40,42,2,no,no,38,,Does lecher in my sight.,no
4,6,80,120,40,42,2,no,no,39,,Let copulation thrive;,no
4,6,80,120,40,42,2,no,no,40,,Was kinder to his father,no
4,6,80,120,40,42,2,no,no,41,,Got 'tween the lawful sheets.,no
4,6,80,120,40,42,2,no,no,42,120,"To't, luxury, pell-mell! for I lack soldiers.",no
4,6,120,130,10,10,0,yes,no,,,,
4,6,130,151,21,22,1,no,no,1,,"There's hell, there's darkness,",no
4,6,130,151,21,22,1,no,no,2,,"fie, fie! pah, pah! Give me an ounce",no
4,6,130,151,21,22,1,no,no,3,,"good apothecary, to sweeten my imagination:",no
4,6,130,151,21,22,1,no,no,4,,there's money for thee.,no
4,6,130,151,21,22,1,no,no,5,,,no
4,6,130,151,21,22,1,no,no,6,,,no
4,6,130,151,21,22,1,no,no,7,,,no
4,6,130,151,21,22,1,no,no,8,,O ruin'd piece of nature! This great world,no
4,6,130,151,21,22,1,no,no,9,,Shall so wear out to nought.,no
4,6,130,151,21,22,1,no,no,10,,Dost thou,no
4,6,130,151,21,22,1,no,no,11,,blind Cupid; I'll not,no
4,6,130,151,21,22,1,no,no,12,,challenge; mark but the penning,no
4,6,130,151,21,22,1,no,no,13,,,no
4,6,130,151,21,22,1,no,no,14,,,no
4,6,130,151,21,22,1,no,no,15,,I would not take this from report;,no
4,6,130,151,21,22,1,no,no,16,,And my heart breaks at it.,no
4,6,130,151,21,22,1,no,no,17,,,no
4,6,130,151,21,22,1,no,no,18,,,no
4,6,130,151,21,22,1,no,no,19,,eyes in your,no
4,6,130,151,21,22,1,no,no,20,,purse? Your eyes are in a heavy,no
4,6,130,151,21,22,1,no,no,21,,purse in a light: yet you see how this world,no
4,6,130,151,21,22,1,no,no,22,151,goes.,no
4,6,151,160,9,9,0,yes,no,,,,
4,6,160,169,9,9,0,yes,no,,,,
4,6,169,180,11,11,0,yes,no,,,,
4,6,180,191,11,11,0,yes,no,,,,
4,6,191,200,9,9,0,yes,no,,,,
4,6,200,211,11,13,2,no,no,1,,"To use his eyes for garden water-pots,",no
4,6,200,211,11,13,2,no,no,2,,"Ay, and laying autumn's dust.",no
4,6,200,211,11,13,2,no,no,3,,"I will die bravely,",no
4,6,200,211,11,13,2,no,no,4,,What!,no
4,6,200,211,11,13,2,no,no,5,,I will be jovial:,no
4,6,200,211,11,13,2,no,no,6,,"My masters, know you that.",no
4,6,200,211,11,13,2,no,no,7,,,no
4,6,200,211,11,13,2,no,no,8,,"get it,",no
4,6,200,211,11,13,2,no,no,9,,"sa, sa.",no
4,6,200,211,11,13,2,no,no,10,,,no
4,6,200,211,11,13,2,no,no,11,,"A sight most pitiful in the meanest wretch,",no
4,6,200,211,11,13,2,no,no,12,,"Past speaking of in a king! Thou hast one daughter,",no
4,6,200,211,11,13,2,no,no,13,211,Who redeems nature from the general curse,no
4,6,211,220,9,10,1,no,no,1,,Which twain have brought her to.,no
4,6,211,220,9,10,1,no,no,2,,"Hail, gentle sir.",no
4,6,211,220,9,10,1,no,no,3,,"Do you hear aught, sir, of a battle toward?",no
4,6,211,220,9,10,1,no,no,4,,Most sure and vulgar:,no
4,6,211,220,9,10,1,no,no,5,,Which can distinguish sound.,no
4,6,211,220,9,10,1,no,no,6,,How near's the other army?,no
4,6,211,220,9,10,1,no,no,7,,Near and on speedy foot; the main descry,no
4,6,211,220,9,10,1,no,no,8,,Stands on the hourly thought.,no
4,6,211,220,9,10,1,no,no,9,,"Though that the queen on special cause is here,",no
4,6,211,220,9,10,1,no,no,10,220,Her army is moved on.,no
4,6,220,231,11,11,0,yes,no,,,,
4,6,231,240,9,9,0,yes,no,,,,
4,6,240,251,11,11,0,yes,no,,,,
4,6,251,260,9,9,0,yes,no,,,,
4,6,260,281,21,20,-1,no,no,1,,"Sit you down, father; rest you",no
4,6,260,281,21,20,-1,no,no,2,,Let's see these pockets: the letters that he speaks of,no
4,6,260,281,21,20,-1,no,no,3,,May be my friends. He's dead; I am only sorry,no
4,6,260,281,21,20,-1,no,no,4,,He had no other death's-man. Let us see:,no
4,6,260,281,21,20,-1,no,no,5,,"Leave, gentle wax; and, manners, blame us not:",no
4,6,260,281,21,20,-1,no,no,6,,"To know our enemies' minds, we'ld rip their hearts;",no
4,6,260,281,21,20,-1,no,no,7,,"Their papers, is more lawful.",no
4,6,260,281,21,20,-1,no,no,8,,You have many,no
4,6,260,281,21,20,-1,no,no,9,,"him off: if your will want not, time and",no
4,6,260,281,21,20,-1,no,no,10,,will be fruitfully offered. There is nothing,no
4,6,260,281,21,20,-1,no,no,11,,"done, if he",no
4,6,260,281,21,20,-1,no,no,12,,"the prisoner, and his bed my",no
4,6,260,281,21,20,-1,no,no,13,,"loathed warmth whereof deliver me, and supply",no
4,6,260,281,21,20,-1,no,no,14,,the place for your labour.,no
4,6,260,281,21,20,-1,no,no,15,,'Affectionate,no
4,6,260,281,21,20,-1,no,no,16,,'GONERIL.',no
4,6,260,281,21,20,-1,no,no,17,,,no
4,6,260,281,21,20,-1,no,no,18,,O undistinguished space of woman's will!,no
4,6,260,281,21,20,-1,no,no,19,,A plot upon her virtuous husband's life;,no
4,6,260,281,21,20,-1,no,no,20,281,"And the exchange my brother! Here, in the sands,",no
4,6,281,290,9,9,0,yes,no,,,,
4,7,10,21,11,12,1,no,no,1,,"My boon I make it, that you know me not",no
4,7,10,21,11,12,1,no,no,2,,Till time and I think meet.,no
4,7,10,21,11,12,1,no,no,3,,"Then be't so, my good lord.",no
4,7,10,21,11,12,1,no,no,4,,,no
4,7,10,21,11,12,1,no,no,5,,"O you kind gods,",no
4,7,10,21,11,12,1,no,no,6,,Cure this great breach in his abused nature!,no
4,7,10,21,11,12,1,no,no,7,,"The untuned and jarring senses, O, wind up",no
4,7,10,21,11,12,1,no,no,8,,Of this child-changed father!,no
4,7,10,21,11,12,1,no,no,9,,That we may wake the king: he hath slept long.,no
4,7,10,21,11,12,1,no,no,10,,"Be govern'd by your knowledge, and proceed",no
4,7,10,21,11,12,1,no,no,11,,I' the sway of your own will. Is he array'd?,no
4,7,10,21,11,12,1,no,no,12,21,"Ay, madam; in the heaviness of his",no
4,7,21,30,9,9,0,yes,no,,,,
4,7,30,40,10,10,0,yes,no,,,,
4,7,40,50,10,10,0,yes,no,,,,
4,7,50,60,10,10,0,yes,no,,,,
4,7,60,70,10,11,1,no,no,1,,"I am a very foolish fond old man,",no
4,7,60,70,10,11,1,no,no,2,,"Fourscore and upward,",no
4,7,60,70,10,11,1,no,no,3,,"And, to deal plainly,",no
4,7,60,70,10,11,1,no,no,4,,I fear I am not in my perfect mind.,no
4,7,60,70,10,11,1,no,no,5,,"Methinks I should know you, and know this man;",no
4,7,60,70,10,11,1,no,no,6,,Yet I am doubtful: for I am mainly ignorant,no
4,7,60,70,10,11,1,no,no,7,,What place this is; and all the skill I have,no
4,7,60,70,10,11,1,no,no,8,,Remembers not these garments; nor I know not,no
4,7,60,70,10,11,1,no,no,9,,Where I did lodge last night. Do not laugh at me;,no
4,7,60,70,10,11,1,no,no,10,,"For, as I am a man, I think this lady",no
4,7,60,70,10,11,1,no,no,11,70,To be my child Cordelia.,no
4,7,70,81,11,10,-1,no,no,1,,Be your tears wet?,no
4,7,70,81,11,10,-1,no,no,2,,"If you have poison for me, I will drink it.",no
4,7,70,81,11,10,-1,no,no,3,,I know you do not love me; for your sisters,no
4,7,70,81,11,10,-1,no,no,4,,"Have, as I do remember, done me wrong:",no
4,7,70,81,11,10,-1,no,no,5,,"You have some cause, they have not.",no
4,7,70,81,11,10,-1,no,no,6,,Am I in France?,no
4,7,70,81,11,10,-1,no,no,7,,Do not abuse me.,no
4,7,70,81,11,10,-1,no,no,8,,"Be comforted, good madam: the great rage,",no
4,7,70,81,11,10,-1,no,no,9,,"You see, is kill'd in him: and yet it is danger",no
4,7,70,81,11,10,-1,no,no,10,81,To make him even o'er the time he has lost.,no
4,7,81,90,9,9,0,yes,no,,,,
4,7,90,99,9,9,0,yes,no,,,,
5,1,10,21,11,11,0,yes,no,,,,
5,1,21,30,9,9,0,yes,no,,,,
5,1,30,40,10,10,0,yes,no,,,,
5,1,40,50,10,10,0,yes,no,,,,
5,1,50,60,10,10,0,yes,no,,,,
5,3,10,20,10,10,0,yes,no,,,,
5,3,20,31,11,12,1,no,no,1,,"Upon such sacrifices, my Cordelia,",no
5,3,20,31,11,12,1,no,no,2,,The gods themselves throw incense.,no
5,3,20,31,11,12,1,no,no,3,,"He that parts us shall bring a brand from heaven,",no
5,3,20,31,11,12,1,no,no,4,,And fire us hence like foxes. Wipe thine eyes;,no
5,3,20,31,11,12,1,no,no,5,,"The good-years shall devour them, flesh and fell,",no
5,3,20,31,11,12,1,no,no,6,,Ere they shall make us weep: we'll see 'em starve first.,no
5,3,20,31,11,12,1,no,no,7,,Come.,no
5,3,20,31,11,12,1,no,no,8,,"Come hither, captain; hark.",no
5,3,20,31,11,12,1,no,no,9,,Take thou this note,no
5,3,20,31,11,12,1,no,no,10,,One step I have advanced thee; if thou dost,no
5,3,20,31,11,12,1,no,no,11,,"As this instructs thee, thou dost make thy way",no
5,3,20,31,11,12,1,no,no,12,31,"To noble fortunes: know thou this, that men",no
5,3,31,40,9,9,0,yes,no,,,,
5,3,40,50,10,10,0,yes,no,,,,
5,3,50,60,10,10,0,yes,no,,,,
5,3,60,70,10,10,0,yes,no,,,,
5,3,70,80,10,11,1,no,no,1,,"That were the most, if he should husband you.",no
5,3,70,80,10,11,1,no,no,2,,Jesters do oft prove prophets.,no
5,3,70,80,10,11,1,no,no,3,,That eye that told you so look'd but a-squint.,no
5,3,70,80,10,11,1,no,no,4,,"Lady, I am not well; else I should answer",no
5,3,70,80,10,11,1,no,no,5,,"From a full flowing stomach. General,",no
5,3,70,80,10,11,1,no,no,6,,"Take thou my soldiers, prisoners, patrimony;",no
5,3,70,80,10,11,1,no,no,7,,"Dispose of them, of me; the walls are thine:",no
5,3,70,80,10,11,1,no,no,8,,"Witness the world, that I create thee here",no
5,3,70,80,10,11,1,no,no,9,,My lord and master.,no
5,3,70,80,10,11,1,no,no,10,,The let-alone lies not not in your good will.,no
5,3,70,80,10,11,1,no,no,11,80,"Nor in thine, lord.",no
5,3,80,90,10,11,1,no,no,1,,"Let the drum strike, and prove my title thine.",no
5,3,80,90,10,11,1,no,no,2,,and prove my title thine.,no
5,3,80,90,10,11,1,no,no,3,,,no
5,3,80,90,10,11,1,no,no,4,,"On capital treason; and, in thine attaint,",no
5,3,80,90,10,11,1,no,no,5,,This gilded serpent,no
5,3,80,90,10,11,1,no,no,6,,I bar it in the interest of my wife:,no
5,3,80,90,10,11,1,no,no,7,,"'Tis she is sub-contracted to this lord,",no
5,3,80,90,10,11,1,no,no,8,,"And I, her husband, contradict your bans.",no
5,3,80,90,10,11,1,no,no,9,,"If you will marry, make your loves to me,",no
5,3,80,90,10,11,1,no,no,10,,My lady is bespoke.,no
5,3,80,90,10,11,1,no,no,11,90,"Thou art arm'd, Gloucester: let the",no
5,3,90,100,10,11,1,no,no,1,,trumpet sound:,no
5,3,90,100,10,11,1,no,no,2,,If none appear to prove upon thy head,no
5,3,90,100,10,11,1,no,no,3,,"Thy heinous, manifest, and many treasons,",no
5,3,90,100,10,11,1,no,no,4,,There is my pledge,no
5,3,90,100,10,11,1,no,no,5,,"I'll prove it on thy heart,",no
5,3,90,100,10,11,1,no,no,6,,"Ere I taste bread, thou art in nothing less",no
5,3,90,100,10,11,1,no,no,7,,Than I have here proclaim'd thee.,no
5,3,90,100,10,11,1,no,no,8,,"If not, I'll ne'er trust medicine.",no
5,3,90,100,10,11,1,no,no,9,,,no
5,3,90,100,10,11,1,no,no,10,,"That names me traitor, villain-like he lies:",no
5,3,90,100,10,11,1,no,no,11,100,"Call by thy trumpet: he that dares approach,",no
5,3,100,119,19,21,2,no,no,1,,"On him, on you, who not? I will maintain",no
5,3,100,119,19,21,2,no,no,2,,My truth and honour firmly.,no
5,3,100,119,19,21,2,no,no,3,,"A herald, ho!",no
5,3,100,119,19,21,2,no,no,4,,"Trust to thy single virtue; for thy soldiers,",no
5,3,100,119,19,21,2,no,no,5,,"All levied in my name, have in my name",no
5,3,100,119,19,21,2,no,no,6,,Took their discharge.,no
5,3,100,119,19,21,2,no,no,7,,She is not well; convey her to my tent.,no
5,3,100,119,19,21,2,no,no,8,,"Come hither, herald,--Let the trumpet sound,--",no
5,3,100,119,19,21,2,no,no,9,,And read out this.,no
5,3,100,119,19,21,2,no,no,10,,'If any man of quality or degree within the lists of the arm,no
5,3,100,119,19,21,2,no,no,11,,within the lists of the army,no
5,3,100,119,19,21,2,no,no,12,,"upon Edmund, supposed Earl of Gloucester,",no
5,3,100,119,19,21,2,no,no,13,,"that he is a manifold traitor, let him appear",no
5,3,100,119,19,21,2,no,no,14,,by the third,no
5,3,100,119,19,21,2,no,no,15,,in his defence.',no
5,3,100,119,19,21,2,no,no,16,,,no
5,3,100,119,19,21,2,no,no,17,,,no
5,3,100,119,19,21,2,no,no,18,,,no
5,3,100,119,19,21,2,no,no,19,,,no
5,3,100,119,19,21,2,no,no,20,,"Ask him his purposes, why he appears",no
5,3,100,119,19,21,2,no,no,21,119,Upon this call o' the trumpet.,no
5,3,119,130,11,10,-1,no,no,1,,"Your name, your quality? and why you answer",no
5,3,119,130,11,10,-1,no,no,2,,This present summons?,no
5,3,119,130,11,10,-1,no,no,3,,By treason's tooth bare-gnawn and canker-bit:,no
5,3,119,130,11,10,-1,no,no,4,,Yet am I noble as the adversary,no
5,3,119,130,11,10,-1,no,no,5,,I come to cope.,no
5,3,119,130,11,10,-1,no,no,6,,What's he that speaks for Edmund Earl of Gloucester?,no
5,3,119,130,11,10,-1,no,no,7,,Himself: what say'st thou to him?,no
5,3,119,130,11,10,-1,no,no,8,,"That, if my speech offend a noble heart,",no
5,3,119,130,11,10,-1,no,no,9,,Thy arm may do thee justice: here is mine.,no
5,3,119,130,11,10,-1,no,no,10,130,"Behold, it is",no
5,3,130,140,10,10,0,yes,no,,,,
5,3,140,150,10,11,1,no,no,1,,"To prove upon thy heart, whereto I speak,",no
5,3,140,150,10,11,1,no,no,2,,Thou liest.,no
5,3,140,150,10,11,1,no,no,3,,In wisdom I should ask thy name;,no
5,3,140,150,10,11,1,no,no,4,,"But, since thy outside looks so fair and war-like,",no
5,3,140,150,10,11,1,no,no,5,,"And that thy tongue some say of breeding breathes,",no
5,3,140,150,10,11,1,no,no,6,,What safe and nicely I might well delay,no
5,3,140,150,10,11,1,no,no,7,,"By rule of knighthood, I disdain and spurn:",no
5,3,140,150,10,11,1,no,no,8,,Back do I toss these treasons to thy head;,no
5,3,140,150,10,11,1,no,no,9,,With the hell-hated lie o'erwhelm thy heart;,no
5,3,140,150,10,11,1,no,no,10,,"Which, for they yet glance by and scarcely bruise,",no
5,3,140,150,10,11,1,no,no,11,150,"This sword of mine shall give them instant way,",no
5,3,150,161,11,10,-1,no,no,1,,"Where they shall rest for ever. Trumpets, speak!",no
5,3,150,161,11,10,-1,no,no,2,,"Save him, save him!",no
5,3,150,161,11,10,-1,no,no,3,,By the law of arms thou wast not bound to answer,no
5,3,150,161,11,10,-1,no,no,4,,"An unknown opposite; thou art not vanquish'd,",no
5,3,150,161,11,10,-1,no,no,5,,But cozen'd and beguiled.,no
5,3,150,161,11,10,-1,no,no,6,,"Or with this paper shall I stop it. Hold, sir;",no
5,3,150,161,11,10,-1,no,no,7,,"Thou worse than any name, read thine own evil:",no
5,3,150,161,11,10,-1,no,no,8,,"No tearing, lady; I perceive you know it.",no
5,3,150,161,11,10,-1,no,no,9,,"Say, if I do, the laws are mine, not thine:",no
5,3,150,161,11,10,-1,no,no,10,161,Who can arraign me for't?,no
5,3,161,171,10,12,2,no,no,1,,Know'st thou this paper?,no
5,3,161,171,10,12,2,no,no,2,,,no
5,3,161,171,10,12,2,no,no,3,,"What you have charged me with,",no
5,3,161,171,10,12,2,no,no,4,,that have I done;,no
5,3,161,171,10,12,2,no,no,5,,"And more, much more; the time will bring it out:",no
5,3,161,171,10,12,2,no,no,6,,"'Tis past, and so am I. But what art thou",no
5,3,161,171,10,12,2,no,no,7,,"That hast this fortune on me? If thou'rt noble,",no
5,3,161,171,10,12,2,no,no,8,,I do forgive thee.,no
5,3,161,171,10,12,2,no,no,9,,"I am no less in blood than thou art, Edmund;",no
5,3,161,171,10,12,2,no,no,10,,"If more, the more thou hast wrong'd me.",no
5,3,161,171,10,12,2,no,no,11,,"My name is Edgar, and thy father's son.",no
5,3,161,171,10,12,2,no,no,12,171,"The gods are just, and of our pleasant vices",no
5,3,171,180,9,9,0,yes,no,,,,
5,3,180,190,10,10,0,yes,no,,,,
5,3,190,200,10,10,0,yes,no,,,,
5,3,200,211,11,11,0,yes,no,,,,
5,3,211,221,10,10,0,yes,no,,,,
5,3,221,230,9,11,2,no,yes,1,,Improper for a slave.,no
5,3,221,230,9,11,2,no,yes,2,,"Help, help, O, help!",yes
5,3,221,230,9,11,2,no,yes,3,,What kind of help?,no
5,3,221,230,9,11,2,no,yes,4,,"Speak, man.",yes
5,3,221,230,9,11,2,no,yes,5,,What means that bloody knife?,no
5,3,221,230,9,11,2,no,yes,6,,It came even from the heart,no
5,3,221,230,9,11,2,no,yes,7,,"Who dead? speak, man.",no
5,3,221,230,9,11,2,no,yes,8,,"Your lady, sir, your lady: and her sister",no
5,3,221,230,9,11,2,no,yes,9,,By her is poisoned! she hath confess'd it.,no
5,3,221,230,9,11,2,no,yes,10,,I was contracted to them both: all three,no
5,3,221,230,9,11,2,no,yes,11,230,Now marry in an instant.,no
5,3,230,240,10,10,0,yes,no,,,,
5,3,240,251,11,11,0,yes,no,,,,
5,3,251,259,8,9,1,no,no,1,,Give it the captain.,no
5,3,251,259,8,9,1,no,no,2,,,no
5,3,251,259,8,9,1,no,no,3,,He hath commission from thy wife and me,no
5,3,251,259,8,9,1,no,no,4,,"To hang Cordelia in the prison, and",no
5,3,251,259,8,9,1,no,no,5,,"To lay the blame upon her own despair,",no
5,3,251,259,8,9,1,no,no,6,,That she fordid herself.,no
5,3,251,259,8,9,1,no,no,7,,The gods defend her! Bear him hence awhile.,no
5,3,251,259,8,9,1,no,no,8,,"Howl, howl, howl, howl! O, you are men of stones:",no
5,3,251,259,8,9,1,no,no,9,259,"Had I your tongues and eyes, I'ld use them so",no
5,3,259,270,11,12,1,no,no,1,,That heaven's vault should crack. She's gone for ever!,no
5,3,259,270,11,12,1,no,no,2,,"I know when one is dead, and when one lives;",no
5,3,259,270,11,12,1,no,no,3,,She's dead as earth. Lend me a looking-glass;,no
5,3,259,270,11,12,1,no,no,4,,"If that her breath will mist or stain the stone,",no
5,3,259,270,11,12,1,no,no,5,,"Why, then she lives.",no
5,3,259,270,11,12,1,no,no,6,,Or image of that horror?,no
5,3,259,270,11,12,1,no,no,7,,"This feather stirs; she lives! if it be so,",no
5,3,259,270,11,12,1,no,no,8,,It is a chance which does redeem all sorrows,no
5,3,259,270,11,12,1,no,no,9,,That ever I have felt.,no
5,3,259,270,11,12,1,no,no,10,,O my good master!,no
5,3,259,270,11,12,1,no,no,11,,,no
5,3,259,270,11,12,1,no,no,12,270,"A plague upon you, murderers, traitors all!",no
5,3,270,280,10,10,0,yes,no,,,,
5,3,280,290,10,11,1,no,yes,1,,"If fortune brag of two she loved and hated,",no
5,3,280,290,10,11,1,no,yes,2,,One of them we behold.,no
5,3,280,290,10,11,1,no,yes,3,,,no
5,3,280,290,10,11,1,no,yes,4,,"The same,",yes
5,3,280,290,10,11,1,no,yes,5,,Your servant Kent. Where is your servant Caius?,no
5,3,280,290,10,11,1,no,yes,6,,"He's a good fellow, I can tell you that;",no
5,3,280,290,10,11,1,no,yes,7,,"He'll strike, and quickly too: he's dead and rotten.",no
5,3,280,290,10,11,1,no,yes,8,,"No, my good lord; I am the very man,--",no
5,3,280,290,10,11,1,no,yes,9,,I'll see that straight.,no
5,3,280,290,10,11,1,no,yes,10,,"That, from your first of difference and decay,",no
5,3,280,290,10,11,1,no,yes,11,290,Have follow'd your sad steps.,no
5,3,290,319,29,29,0,yes,no,,,,
